{
  "directions": {
    "above": [
      0.0,
      0.0,
      1.0
    ],
    "left": [
      -0.6563112735748291,
      -0.7544902563095093,
      0.0
    ],
    "right": [
      0.6563112735748291,
      0.7544902563095093,
      -0.0
    ],
    "below": [
      -0.0,
      -0.0,
      -1.0
    ],
    "front": [
      0.754490315914154,
      -0.6563112735748291,
      -0.0
    ],
    "behind": [
      -0.754490315914154,
      0.6563112735748291,
      0.0
    ]
  },
  "relationships": {
    "left": [
      [],
      [
        0,
        3,
        4,
        6,
        8,
        9
      ],
      [
        0,
        1,
        3,
        4,
        5,
        6,
        7,
        8,
        9
      ],
      [
        0,
        4,
        6
      ],
      [
        0
      ],
      [
        0,
        1,
        3,
        4,
        6,
        7,
        8,
        9
      ],
      [
        0,
        4
      ],
      [
        0,
        1,
        3,
        4,
        6,
        8,
        9
      ],
      [
        0,
        3,
        4,
        6
      ],
      [
        0,
        3,
        4,
        6,
        8
      ]
    ],
    "right": [
      [
        1,
        2,
        3,
        4,
        5,
        6,
        7,
        8,
        9
      ],
      [
        2,
        5,
        7
      ],
      [],
      [
        1,
        2,
        5,
        7,
        8,
        9
      ],
      [
        1,
        2,
        3,
        5,
        6,
        7,
        8,
        9
      ],
      [
        2
      ],
      [
        1,
        2,
        3,
        5,
        7,
        8,
        9
      ],
      [
        2,
        5
      ],
      [
        1,
        2,
        5,
        7,
        9
      ],
      [
        1,
        2,
        5,
        7
      ]
    ],
    "front": [
      [
        1,
        2,
        6,
        7,
        8
      ],
      [
        6
      ],
      [
        1,
        6,
        7,
        8
      ],
      [
        0,
        1,
        2,
        4,
        5,
        6,
        7,
        8,
        9
      ],
      [
        0,
        1,
        2,
        5,
        6,
        7,
        8,
        9
      ],
      [
        0,
        1,
        2,
        6,
        7,
        8
      ],
      [],
      [
        1,
        6,
        8
      ],
      [
        1,
        6
      ],
      [
        0,
        1,
        2,
        5,
        6,
        7,
        8
      ]
    ],
    "behind": [
      [
        3,
        4,
        5,
        9
      ],
      [
        0,
        2,
        3,
        4,
        5,
        7,
        8,
        9
      ],
      [
        0,
        3,
        4,
        5,
        9
      ],
      [],
      [
        3
      ],
      [
        3,
        4,
        9
      ],
      [
        0,
        1,
        2,
        3,
        4,
        5,
        7,
        8,
        9
      ],
      [
        0,
        2,
        3,
        4,
        5,
        9
      ],
      [
        0,
        2,
        3,
        4,
        5,
        7,
        9
      ],
      [
        3,
        4
      ]
    ]
  },
  "split": "new",
  "objects": [
    {
      "pixel_coords": [
        125,
        116,
        11.459893226623535
      ],
      "3d_coords": [
        -2.1399588584899902,
        -1.4991981983184814,
        0.699999988079071
      ],
      "size": "large",
      "color": "blue",
      "material": "rubber",
      "shape": "cylinder",
      "rotation": 314.5092909428136
    },
    {
      "pixel_coords": [
        336,
        196,
        8.591146469116211
      ],
      "3d_coords": [
        2.9629743099212646,
        -0.38335320353507996,
        0.699999988079071
      ],
      "size": "large",
      "color": "blue",
      "material": "rubber",
      "shape": "cube",
      "rotation": 134.3922096879067
    },
    {
      "pixel_coords": [
        434,
        136,
        10.598320007324219
      ],
      "3d_coords": [
        2.6748061180114746,
        2.875894784927368,
        0.699999988079071
      ],
      "size": "large",
      "color": "green",
      "material": "rubber",
      "shape": "cylinder",
      "rotation": 175.55648103812783
    },
    {
      "pixel_coords": [
        235,
        74,
        13.916003227233887
      ],
      "3d_coords": [
        -2.8006794452667236,
        2.1098029613494873,
        0.699999988079071
      ],
      "size": "large",
      "color": "blue",
      "material": "rubber",
      "shape": "cube",
      "rotation": 253.55175624127924
    },
    {
      "pixel_coords": [
        170,
        90,
        12.867403984069824
      ],
      "3d_coords": [
        -2.8835418224334717,
        0.11978933215141296,
        0.699999988079071
      ],
      "size": "large",
      "color": "green",
      "material": "rubber",
      "shape": "sphere",
      "rotation": 285.2622610928973
    },
    {
      "pixel_coords": [
        366,
        109,
        11.817645072937012
      ],
      "3d_coords": [
        0.9108328223228455,
        2.900080680847168,
        0.699999988079071
      ],
      "size": "large",
      "color": "green",
      "material": "rubber",
      "shape": "cube",
      "rotation": 178.0409387842533
    },
    {
      "pixel_coords": [
        174,
        208,
        8.27461051940918
      ],
      "3d_coords": [
        1.593680500984192,
        -2.638709783554077,
        0.699999988079071
      ],
      "size": "large",
      "color": "blue",
      "material": "rubber",
      "shape": "cube",
      "rotation": 6.576411084713465
    },
    {
      "pixel_coords": [
        355,
        148,
        10.127737998962402
      ],
      "3d_coords": [
        2.0175955295562744,
        1.2196621894836426,
        0.699999988079071
      ],
      "size": "large",
      "color": "blue",
      "material": "rubber",
      "shape": "cylinder",
      "rotation": 299.89110052922234
    },
    {
      "pixel_coords": [
        248,
        170,
        9.345735549926758
      ],
      "3d_coords": [
        1.3988271951675415,
        -0.9499721527099609,
        0.699999988079071
      ],
      "size": "large",
      "color": "red",
      "material": "rubber",
      "shape": "cube",
      "rotation": 226.09892482330693
    },
    {
      "pixel_coords": [
        284,
        99,
        12.378125190734863
      ],
      "3d_coords": [
        -0.7066715359687805,
        1.9182885885238647,
        0.699999988079071
      ],
      "size": "large",
      "color": "blue",
      "material": "rubber",
      "shape": "sphere",
      "rotation": 174.96035501189772
    }
  ],
  "image_index": 90,
  "image_filename": "CLEVR_new_000090.png"
}