{
  "directions": {
    "above": [
      0.0,
      0.0,
      1.0
    ],
    "left": [
      -0.6563112735748291,
      -0.7544902563095093,
      0.0
    ],
    "right": [
      0.6563112735748291,
      0.7544902563095093,
      -0.0
    ],
    "below": [
      -0.0,
      -0.0,
      -1.0
    ],
    "front": [
      0.754490315914154,
      -0.6563112735748291,
      -0.0
    ],
    "behind": [
      -0.754490315914154,
      0.6563112735748291,
      0.0
    ]
  },
  "relationships": {
    "left": [
      [
        1,
        6
      ],
      [],
      [
        0,
        1,
        6
      ],
      [
        0,
        1,
        2,
        4,
        5,
        6,
        7
      ],
      [
        0,
        1,
        2,
        5,
        6
      ],
      [
        0,
        1,
        2,
        6
      ],
      [
        1
      ],
      [
        0,
        1,
        2,
        4,
        5,
        6
      ]
    ],
    "right": [
      [
        2,
        3,
        4,
        5,
        7
      ],
      [
        0,
        2,
        3,
        4,
        5,
        6,
        7
      ],
      [
        3,
        4,
        5,
        7
      ],
      [],
      [
        3,
        7
      ],
      [
        3,
        4,
        7
      ],
      [
        0,
        2,
        3,
        4,
        5,
        7
      ],
      [
        3
      ]
    ],
    "front": [
      [],
      [
        0,
        7
      ],
      [
        0,
        1,
        3,
        5,
        6,
        7
      ],
      [
        0,
        1,
        5,
        7
      ],
      [
        0,
        1,
        2,
        3,
        5,
        6,
        7
      ],
      [
        0,
        1,
        7
      ],
      [
        0,
        1,
        3,
        5,
        7
      ],
      [
        0
      ]
    ],
    "behind": [
      [
        1,
        2,
        3,
        4,
        5,
        6,
        7
      ],
      [
        2,
        3,
        4,
        5,
        6
      ],
      [
        4
      ],
      [
        2,
        4,
        6
      ],
      [],
      [
        2,
        3,
        4,
        6
      ],
      [
        2,
        4
      ],
      [
        1,
        2,
        3,
        4,
        5,
        6
      ]
    ]
  },
  "split": "new",
  "objects": [
    {
      "pixel_coords": [
        189,
        206,
        7.985793113708496
      ],
      "3d_coords": [
        1.6339107751846313,
        -2.4322776794433594,
        0.699999988079071
      ],
      "size": "large",
      "color": "blue",
      "material": "rubber",
      "shape": "cylinder",
      "rotation": 89.52330337549012
    },
    {
      "pixel_coords": [
        100,
        166,
        9.107390403747559
      ],
      "3d_coords": [
        -0.40025362372398376,
        -2.853073835372925,
        0.699999988079071
      ],
      "size": "large",
      "color": "blue",
      "material": "rubber",
      "shape": "cylinder",
      "rotation": 305.19577183906523
    },
    {
      "pixel_coords": [
        227,
        97,
        12.028733253479004
      ],
      "3d_coords": [
        -1.5254039764404297,
        0.9124622344970703,
        0.699999988079071
      ],
      "size": "large",
      "color": "blue",
      "material": "rubber",
      "shape": "sphere",
      "rotation": 63.23107774589729
    },
    {
      "pixel_coords": [
        343,
        130,
        10.434182167053223
      ],
      "3d_coords": [
        1.3748964071273804,
        1.5204514265060425,
        0.699999988079071
      ],
      "size": "large",
      "color": "green",
      "material": "rubber",
      "shape": "cube",
      "rotation": 80.65450953950595
    },
    {
      "pixel_coords": [
        268,
        71,
        13.721604347229004
      ],
      "3d_coords": [
        -2.299558401107788,
        2.952230453491211,
        0.699999988079071
      ],
      "size": "large",
      "color": "red",
      "material": "rubber",
      "shape": "sphere",
      "rotation": 280.5204876427788
    },
    {
      "pixel_coords": [
        250,
        142,
        9.945876121520996
      ],
      "3d_coords": [
        0.5804521441459656,
        -0.25356802344322205,
        0.699999988079071
      ],
      "size": "large",
      "color": "red",
      "material": "rubber",
      "shape": "sphere",
      "rotation": 126.95847560894467
    },
    {
      "pixel_coords": [
        160,
        114,
        11.151212692260742
      ],
      "3d_coords": [
        -1.6816439628601074,
        -0.7943897843360901,
        0.699999988079071
      ],
      "size": "large",
      "color": "green",
      "material": "rubber",
      "shape": "sphere",
      "rotation": 0.15423419898777269
    },
    {
      "pixel_coords": [
        318,
        182,
        8.629729270935059
      ],
      "3d_coords": [
        2.4239702224731445,
        -0.39293205738067627,
        0.699999988079071
      ],
      "size": "large",
      "color": "green",
      "material": "rubber",
      "shape": "sphere",
      "rotation": 301.9804194197477
    }
  ],
  "image_index": 1,
  "image_filename": "CLEVR_new_000001.png"
}