{
  "directions": {
    "above": [
      0.0,
      0.0,
      1.0
    ],
    "left": [
      -0.6563112735748291,
      -0.7544902563095093,
      0.0
    ],
    "right": [
      0.6563112735748291,
      0.7544902563095093,
      -0.0
    ],
    "below": [
      -0.0,
      -0.0,
      -1.0
    ],
    "front": [
      0.754490315914154,
      -0.6563112735748291,
      -0.0
    ],
    "behind": [
      -0.754490315914154,
      0.6563112735748291,
      0.0
    ]
  },
  "relationships": {
    "left": [
      [
        1,
        2,
        4,
        5,
        6,
        7
      ],
      [
        2,
        5
      ],
      [
        5
      ],
      [
        0,
        1,
        2,
        4,
        5,
        6,
        7
      ],
      [
        1,
        2,
        5,
        6,
        7
      ],
      [],
      [
        1,
        2,
        5
      ],
      [
        1,
        2,
        5,
        6
      ]
    ],
    "right": [
      [
        3
      ],
      [
        0,
        3,
        4,
        6,
        7
      ],
      [
        0,
        1,
        3,
        4,
        6,
        7
      ],
      [],
      [
        0,
        3
      ],
      [
        0,
        1,
        2,
        3,
        4,
        6,
        7
      ],
      [
        0,
        3,
        4,
        7
      ],
      [
        0,
        3,
        4
      ]
    ],
    "front": [
      [
        2,
        7
      ],
      [
        0,
        2,
        3,
        5,
        6,
        7
      ],
      [
        7
      ],
      [
        0,
        2,
        5,
        6,
        7
      ],
      [
        0,
        1,
        2,
        3,
        5,
        6,
        7
      ],
      [
        0,
        2,
        6,
        7
      ],
      [
        0,
        2,
        7
      ],
      []
    ],
    "behind": [
      [
        1,
        3,
        4,
        5,
        6
      ],
      [
        4
      ],
      [
        0,
        1,
        3,
        4,
        5,
        6
      ],
      [
        1,
        4
      ],
      [],
      [
        1,
        3,
        4
      ],
      [
        1,
        3,
        4,
        5
      ],
      [
        0,
        1,
        2,
        3,
        4,
        5,
        6
      ]
    ]
  },
  "split": "new",
  "objects": [
    {
      "pixel_coords": [
        345,
        150,
        9.772725105285645
      ],
      "3d_coords": [
        1.9658441543579102,
        0.8799558281898499,
        0.699999988079071
      ],
      "size": "large",
      "color": "red",
      "material": "rubber",
      "shape": "sphere",
      "rotation": 190.60015117816755
    },
    {
      "pixel_coords": [
        168,
        94,
        12.286140441894531
      ],
      "3d_coords": [
        -2.574880599975586,
        0.006542433053255081,
        0.699999988079071
      ],
      "size": "large",
      "color": "red",
      "material": "rubber",
      "shape": "sphere",
      "rotation": 55.3646918645546
    },
    {
      "pixel_coords": [
        101,
        174,
        8.977547645568848
      ],
      "3d_coords": [
        -0.19709238409996033,
        -2.9806718826293945,
        0.699999988079071
      ],
      "size": "large",
      "color": "blue",
      "material": "rubber",
      "shape": "cube",
      "rotation": 91.1816711044197
    },
    {
      "pixel_coords": [
        362,
        115,
        11.210150718688965
      ],
      "3d_coords": [
        1.162746787071228,
        2.4420289993286133,
        0.699999988079071
      ],
      "size": "large",
      "color": "green",
      "material": "rubber",
      "shape": "cube",
      "rotation": 176.71853225803633
    },
    {
      "pixel_coords": [
        263,
        88,
        12.684286117553711
      ],
      "3d_coords": [
        -1.4466131925582886,
        1.9916058778762817,
        0.699999988079071
      ],
      "size": "large",
      "color": "blue",
      "material": "rubber",
      "shape": "sphere",
      "rotation": 324.5134702609951
    },
    {
      "pixel_coords": [
        81,
        129,
        10.572120666503906
      ],
      "3d_coords": [
        -2.1005148887634277,
        -2.4115350246429443,
        0.699999988079071
      ],
      "size": "large",
      "color": "blue",
      "material": "rubber",
      "shape": "sphere",
      "rotation": 116.34136497192127
    },
    {
      "pixel_coords": [
        199,
        138,
        10.20032787322998
      ],
      "3d_coords": [
        -0.20221835374832153,
        -0.8725693225860596,
        0.699999988079071
      ],
      "size": "large",
      "color": "green",
      "material": "rubber",
      "shape": "cylinder",
      "rotation": 56.48119926915841
    },
    {
      "pixel_coords": [
        243,
        247,
        7.189890384674072
      ],
      "3d_coords": [
        2.922114133834839,
        -2.4863057136535645,
        0.699999988079071
      ],
      "size": "large",
      "color": "green",
      "material": "rubber",
      "shape": "sphere",
      "rotation": 170.58962733901404
    }
  ],
  "image_index": 84,
  "image_filename": "CLEVR_new_000084.png"
}