{
  "directions": {
    "above": [
      0.0,
      0.0,
      1.0
    ],
    "left": [
      -0.6563112735748291,
      -0.7544902563095093,
      0.0
    ],
    "right": [
      0.6563112735748291,
      0.7544902563095093,
      -0.0
    ],
    "below": [
      -0.0,
      -0.0,
      -1.0
    ],
    "front": [
      0.754490315914154,
      -0.6563112735748291,
      -0.0
    ],
    "behind": [
      -0.754490315914154,
      0.6563112735748291,
      0.0
    ]
  },
  "relationships": {
    "left": [
      [
        1,
        2,
        4,
        5,
        7,
        8,
        9
      ],
      [
        2,
        4,
        5,
        7,
        8,
        9
      ],
      [
        7,
        9
      ],
      [
        0,
        1,
        2,
        4,
        5,
        6,
        7,
        8,
        9
      ],
      [
        2,
        7,
        9
      ],
      [
        2,
        4,
        7,
        9
      ],
      [
        0,
        1,
        2,
        4,
        5,
        7,
        8,
        9
      ],
      [],
      [
        2,
        4,
        5,
        7,
        9
      ],
      [
        7
      ]
    ],
    "right": [
      [
        3,
        6
      ],
      [
        0,
        3,
        6
      ],
      [
        0,
        1,
        3,
        4,
        5,
        6,
        8
      ],
      [],
      [
        0,
        1,
        3,
        5,
        6,
        8
      ],
      [
        0,
        1,
        3,
        6,
        8
      ],
      [
        3
      ],
      [
        0,
        1,
        2,
        3,
        4,
        5,
        6,
        8,
        9
      ],
      [
        0,
        1,
        3,
        6
      ],
      [
        0,
        1,
        2,
        3,
        4,
        5,
        6,
        8
      ]
    ],
    "front": [
      [
        1,
        4,
        9
      ],
      [],
      [
        0,
        1,
        3,
        4,
        5,
        6,
        7,
        9
      ],
      [
        0,
        1,
        4,
        9
      ],
      [
        1
      ],
      [
        0,
        1,
        3,
        4,
        7,
        9
      ],
      [
        0,
        1,
        3,
        4,
        5,
        7,
        9
      ],
      [
        0,
        1,
        3,
        4,
        9
      ],
      [
        0,
        1,
        2,
        3,
        4,
        5,
        6,
        7,
        9
      ],
      [
        1,
        4
      ]
    ],
    "behind": [
      [
        2,
        3,
        5,
        6,
        7,
        8
      ],
      [
        0,
        2,
        3,
        4,
        5,
        6,
        7,
        8,
        9
      ],
      [
        8
      ],
      [
        2,
        5,
        6,
        7,
        8
      ],
      [
        0,
        2,
        3,
        5,
        6,
        7,
        8,
        9
      ],
      [
        2,
        6,
        8
      ],
      [
        2,
        8
      ],
      [
        2,
        5,
        6,
        8
      ],
      [],
      [
        0,
        2,
        3,
        5,
        6,
        7,
        8
      ]
    ]
  },
  "split": "new",
  "objects": [
    {
      "pixel_coords": [
        296,
        138,
        10.366057395935059
      ],
      "3d_coords": [
        1.022112488746643,
        0.5620985627174377,
        0.699999988079071
      ],
      "size": "large",
      "color": "green",
      "material": "rubber",
      "shape": "cylinder",
      "rotation": 207.3129683972454
    },
    {
      "pixel_coords": [
        289,
        210,
        8.157682418823242
      ],
      "3d_coords": [
        2.6537106037139893,
        -1.3893473148345947,
        0.699999988079071
      ],
      "size": "large",
      "color": "red",
      "material": "rubber",
      "shape": "sphere",
      "rotation": 185.49802896809007
    },
    {
      "pixel_coords": [
        174,
        91,
        12.608591079711914
      ],
      "3d_coords": [
        -2.679661512374878,
        0.3079686760902405,
        0.699999988079071
      ],
      "size": "large",
      "color": "green",
      "material": "rubber",
      "shape": "cube",
      "rotation": 211.9101748077513
    },
    {
      "pixel_coords": [
        403,
        122,
        11.021925926208496
      ],
      "3d_coords": [
        2.0308592319488525,
        2.774327039718628,
        0.699999988079071
      ],
      "size": "large",
      "color": "blue",
      "material": "rubber",
      "shape": "sphere",
      "rotation": 11.799787798965662
    },
    {
      "pixel_coords": [
        182,
        194,
        8.571248054504395
      ],
      "3d_coords": [
        1.1445728540420532,
        -2.3397939205169678,
        0.699999988079071
      ],
      "size": "large",
      "color": "blue",
      "material": "rubber",
      "shape": "sphere",
      "rotation": 31.910500666458788
    },
    {
      "pixel_coords": [
        231,
        106,
        11.792884826660156
      ],
      "3d_coords": [
        -1.0668463706970215,
        0.691579282283783,
        0.699999988079071
      ],
      "size": "large",
      "color": "green",
      "material": "rubber",
      "shape": "sphere",
      "rotation": 239.00367028191445
    },
    {
      "pixel_coords": [
        323,
        96,
        12.291319847106934
      ],
      "3d_coords": [
        -0.03535730764269829,
        2.662384510040283,
        0.699999988079071
      ],
      "size": "large",
      "color": "red",
      "material": "rubber",
      "shape": "cube",
      "rotation": 222.2388382114551
    },
    {
      "pixel_coords": [
        100,
        115,
        11.334003448486328
      ],
      "3d_coords": [
        -2.5813980102539062,
        -1.740464687347412,
        0.699999988079071
      ],
      "size": "large",
      "color": "blue",
      "material": "rubber",
      "shape": "sphere",
      "rotation": 191.41534447793003
    },
    {
      "pixel_coords": [
        246,
        69,
        14.012162208557129
      ],
      "3d_coords": [
        -2.694425106048584,
        2.6658596992492676,
        0.699999988079071
      ],
      "size": "large",
      "color": "green",
      "material": "rubber",
      "shape": "cylinder",
      "rotation": 179.61415793849903
    },
    {
      "pixel_coords": [
        100,
        161,
        9.550756454467773
      ],
      "3d_coords": [
        -0.7606302499771118,
        -2.7660181522369385,
        0.699999988079071
      ],
      "size": "large",
      "color": "green",
      "material": "rubber",
      "shape": "cube",
      "rotation": 187.86055049704657
    }
  ],
  "image_index": 36,
  "image_filename": "CLEVR_new_000036.png"
}