{
  "directions": {
    "above": [
      0.0,
      0.0,
      1.0
    ],
    "left": [
      -0.6563112735748291,
      -0.7544902563095093,
      0.0
    ],
    "right": [
      0.6563112735748291,
      0.7544902563095093,
      -0.0
    ],
    "below": [
      -0.0,
      -0.0,
      -1.0
    ],
    "front": [
      0.754490315914154,
      -0.6563112735748291,
      -0.0
    ],
    "behind": [
      -0.754490315914154,
      0.6563112735748291,
      0.0
    ]
  },
  "relationships": {
    "left": [
      [
        1,
        2,
        3,
        4,
        5,
        6,
        7,
        9
      ],
      [
        3,
        6,
        7,
        9
      ],
      [
        1,
        3,
        4,
        5,
        6,
        7,
        9
      ],
      [
        6,
        7
      ],
      [
        1,
        3,
        5,
        6,
        7,
        9
      ],
      [
        1,
        3,
        6,
        7,
        9
      ],
      [
        7
      ],
      [],
      [
        0,
        1,
        2,
        3,
        4,
        5,
        6,
        7,
        9
      ],
      [
        3,
        6,
        7
      ]
    ],
    "right": [
      [
        8
      ],
      [
        0,
        2,
        4,
        5,
        8
      ],
      [
        0,
        8
      ],
      [
        0,
        1,
        2,
        4,
        5,
        8,
        9
      ],
      [
        0,
        2,
        8
      ],
      [
        0,
        2,
        4,
        8
      ],
      [
        0,
        1,
        2,
        3,
        4,
        5,
        8,
        9
      ],
      [
        0,
        1,
        2,
        3,
        4,
        5,
        6,
        8,
        9
      ],
      [],
      [
        0,
        1,
        2,
        4,
        5,
        8
      ]
    ],
    "front": [
      [
        1,
        2,
        3,
        5,
        7,
        8
      ],
      [
        2,
        3,
        5,
        7,
        8
      ],
      [
        5
      ],
      [
        2,
        5
      ],
      [
        0,
        1,
        2,
        3,
        5,
        6,
        7,
        8,
        9
      ],
      [],
      [
        0,
        1,
        2,
        3,
        5,
        7,
        8
      ],
      [
        2,
        3,
        5,
        8
      ],
      [
        2,
        3,
        5
      ],
      [
        0,
        1,
        2,
        3,
        5,
        6,
        7,
        8
      ]
    ],
    "behind": [
      [
        4,
        6,
        9
      ],
      [
        0,
        4,
        6,
        9
      ],
      [
        0,
        1,
        3,
        4,
        6,
        7,
        8,
        9
      ],
      [
        0,
        1,
        4,
        6,
        7,
        8,
        9
      ],
      [],
      [
        0,
        1,
        2,
        3,
        4,
        6,
        7,
        8,
        9
      ],
      [
        4,
        9
      ],
      [
        0,
        1,
        4,
        6,
        9
      ],
      [
        0,
        1,
        4,
        6,
        7,
        9
      ],
      [
        4
      ]
    ]
  },
  "split": "new",
  "objects": [
    {
      "pixel_coords": [
        365,
        109,
        11.514129638671875
      ],
      "3d_coords": [
        0.9174836874008179,
        2.7930989265441895,
        0.699999988079071
      ],
      "size": "large",
      "color": "blue",
      "material": "rubber",
      "shape": "sphere",
      "rotation": 188.65417007290844
    },
    {
      "pixel_coords": [
        220,
        116,
        11.181597709655762
      ],
      "3d_coords": [
        -0.8016608953475952,
        0.09491816908121109,
        0.699999988079071
      ],
      "size": "large",
      "color": "red",
      "material": "rubber",
      "shape": "sphere",
      "rotation": 333.85614817444167
    },
    {
      "pixel_coords": [
        332,
        188,
        8.643284797668457
      ],
      "3d_coords": [
        2.6738977432250977,
        -0.23340822756290436,
        0.699999988079071
      ],
      "size": "large",
      "color": "green",
      "material": "rubber",
      "shape": "sphere",
      "rotation": 311.67963591203124
    },
    {
      "pixel_coords": [
        115,
        170,
        9.159821510314941
      ],
      "3d_coords": [
        -0.12644550204277039,
        -2.7223920822143555,
        0.699999988079071
      ],
      "size": "large",
      "color": "red",
      "material": "rubber",
      "shape": "cube",
      "rotation": 37.71286962079411
    },
    {
      "pixel_coords": [
        267,
        69,
        13.862098693847656
      ],
      "3d_coords": [
        -2.4344964027404785,
        2.9294607639312744,
        0.699999988079071
      ],
      "size": "large",
      "color": "green",
      "material": "rubber",
      "shape": "sphere",
      "rotation": 133.28761708767024
    },
    {
      "pixel_coords": [
        236,
        216,
        7.92082405090332
      ],
      "3d_coords": [
        2.313674211502075,
        -1.9746252298355103,
        0.699999988079071
      ],
      "size": "large",
      "color": "green",
      "material": "rubber",
      "shape": "cylinder",
      "rotation": 89.60415346529423
    },
    {
      "pixel_coords": [
        131,
        97,
        12.121164321899414
      ],
      "3d_coords": [
        -2.957571029663086,
        -0.8451695442199707,
        0.699999988079071
      ],
      "size": "large",
      "color": "blue",
      "material": "rubber",
      "shape": "cylinder",
      "rotation": 282.1995124891202
    },
    {
      "pixel_coords": [
        83,
        125,
        10.780603408813477
      ],
      "3d_coords": [
        -2.2104687690734863,
        -2.3476381301879883,
        0.699999988079071
      ],
      "size": "large",
      "color": "red",
      "material": "rubber",
      "shape": "cube",
      "rotation": 223.66197974810675
    },
    {
      "pixel_coords": [
        413,
        146,
        9.93850040435791
      ],
      "3d_coords": [
        2.640932559967041,
        2.059392213821411,
        0.699999988079071
      ],
      "size": "large",
      "color": "blue",
      "material": "rubber",
      "shape": "cube",
      "rotation": 252.7630797119185
    },
    {
      "pixel_coords": [
        199,
        83,
        12.885862350463867
      ],
      "3d_coords": [
        -2.6666009426116943,
        0.8875642418861389,
        0.699999988079071
      ],
      "size": "large",
      "color": "blue",
      "material": "rubber",
      "shape": "cylinder",
      "rotation": 302.97665726017215
    }
  ],
  "image_index": 34,
  "image_filename": "CLEVR_new_000034.png"
}