{
  "directions": {
    "above": [
      0.0,
      0.0,
      1.0
    ],
    "left": [
      -0.6563112735748291,
      -0.7544902563095093,
      0.0
    ],
    "right": [
      0.6563112735748291,
      0.7544902563095093,
      -0.0
    ],
    "below": [
      -0.0,
      -0.0,
      -1.0
    ],
    "front": [
      0.754490315914154,
      -0.6563112735748291,
      -0.0
    ],
    "behind": [
      -0.754490315914154,
      0.6563112735748291,
      0.0
    ]
  },
  "relationships": {
    "left": [
      [
        1,
        2,
        5
      ],
      [],
      [
        1
      ],
      [
        0,
        1,
        2,
        4,
        5,
        6,
        7,
        8
      ],
      [
        0,
        1,
        2,
        5,
        6,
        7
      ],
      [
        1,
        2
      ],
      [
        0,
        1,
        2,
        5
      ],
      [
        0,
        1,
        2,
        5,
        6
      ],
      [
        0,
        1,
        2,
        4,
        5,
        6,
        7
      ]
    ],
    "right": [
      [
        3,
        4,
        6,
        7,
        8
      ],
      [
        0,
        2,
        3,
        4,
        5,
        6,
        7,
        8
      ],
      [
        0,
        3,
        4,
        5,
        6,
        7,
        8
      ],
      [],
      [
        3,
        8
      ],
      [
        0,
        3,
        4,
        6,
        7,
        8
      ],
      [
        3,
        4,
        7,
        8
      ],
      [
        3,
        4,
        8
      ],
      [
        3
      ]
    ],
    "front": [
      [],
      [
        0,
        8
      ],
      [
        0,
        1,
        3,
        5,
        6,
        8
      ],
      [
        0,
        1,
        5,
        8
      ],
      [
        0,
        1,
        2,
        3,
        5,
        6,
        8
      ],
      [
        0,
        1,
        8
      ],
      [
        0,
        1,
        3,
        5,
        8
      ],
      [
        0,
        1,
        2,
        3,
        4,
        5,
        6,
        8
      ],
      [
        0
      ]
    ],
    "behind": [
      [
        1,
        2,
        3,
        4,
        5,
        6,
        7,
        8
      ],
      [
        2,
        3,
        4,
        5,
        6,
        7
      ],
      [
        4,
        7
      ],
      [
        2,
        4,
        6,
        7
      ],
      [
        7
      ],
      [
        2,
        3,
        4,
        6,
        7
      ],
      [
        2,
        4,
        7
      ],
      [],
      [
        1,
        2,
        3,
        4,
        5,
        6,
        7
      ]
    ]
  },
  "split": "new",
  "objects": [
    {
      "pixel_coords": [
        193,
        183,
        8.658507347106934
      ],
      "3d_coords": [
        1.0919674634933472,
        -1.9499927759170532,
        0.699999988079071
      ],
      "size": "large",
      "color": "green",
      "material": "rubber",
      "shape": "cube",
      "rotation": 286.66534479979504
    },
    {
      "pixel_coords": [
        79,
        146,
        9.851032257080078
      ],
      "3d_coords": [
        -1.3905524015426636,
        -2.775541067123413,
        0.699999988079071
      ],
      "size": "large",
      "color": "green",
      "material": "rubber",
      "shape": "sphere",
      "rotation": 216.03807076963483
    },
    {
      "pixel_coords": [
        155,
        95,
        12.166204452514648
      ],
      "3d_coords": [
        -2.716048240661621,
        -0.2770806849002838,
        0.699999988079071
      ],
      "size": "large",
      "color": "red",
      "material": "rubber",
      "shape": "sphere",
      "rotation": 268.3199194885707
    },
    {
      "pixel_coords": [
        361,
        116,
        11.079914093017578
      ],
      "3d_coords": [
        1.1641559600830078,
        2.3750391006469727,
        0.699999988079071
      ],
      "size": "large",
      "color": "blue",
      "material": "rubber",
      "shape": "sphere",
      "rotation": 180.65834725243553
    },
    {
      "pixel_coords": [
        308,
        85,
        12.761049270629883
      ],
      "3d_coords": [
        -0.8841665387153625,
        2.9147727489471436,
        0.699999988079071
      ],
      "size": "large",
      "color": "green",
      "material": "rubber",
      "shape": "cube",
      "rotation": 251.8552044352894
    },
    {
      "pixel_coords": [
        162,
        126,
        10.619820594787598
      ],
      "3d_coords": [
        -1.1239303350448608,
        -1.1163126230239868,
        0.699999988079071
      ],
      "size": "large",
      "color": "green",
      "material": "rubber",
      "shape": "cube",
      "rotation": 316.1304959810665
    },
    {
      "pixel_coords": [
        233,
        103,
        11.730316162109375
      ],
      "3d_coords": [
        -1.1563349962234497,
        0.7903225421905518,
        0.699999988079071
      ],
      "size": "large",
      "color": "red",
      "material": "rubber",
      "shape": "cube",
      "rotation": 75.6873988884768
    },
    {
      "pixel_coords": [
        257,
        68,
        13.905755996704102
      ],
      "3d_coords": [
        -2.652113199234009,
        2.8442189693450928,
        0.699999988079071
      ],
      "size": "large",
      "color": "red",
      "material": "rubber",
      "shape": "sphere",
      "rotation": 13.470645686355818
    },
    {
      "pixel_coords": [
        360,
        165,
        9.203265190124512
      ],
      "3d_coords": [
        2.486542224884033,
        0.6408583521842957,
        0.699999988079071
      ],
      "size": "large",
      "color": "red",
      "material": "rubber",
      "shape": "cube",
      "rotation": 107.86944134379647
    }
  ],
  "image_index": 48,
  "image_filename": "CLEVR_new_000048.png"
}