{
  "directions": {
    "above": [
      0.0,
      0.0,
      1.0
    ],
    "left": [
      -0.6563112735748291,
      -0.7544902563095093,
      0.0
    ],
    "right": [
      0.6563112735748291,
      0.7544902563095093,
      -0.0
    ],
    "below": [
      -0.0,
      -0.0,
      -1.0
    ],
    "front": [
      0.754490315914154,
      -0.6563112735748291,
      -0.0
    ],
    "behind": [
      -0.754490315914154,
      0.6563112735748291,
      0.0
    ]
  },
  "relationships": {
    "left": [
      [
        2,
        4,
        5,
        6,
        7
      ],
      [
        0,
        2,
        3,
        4,
        5,
        6,
        7
      ],
      [
        5,
        6,
        7
      ],
      [
        0,
        2,
        4,
        5,
        6,
        7
      ],
      [
        2,
        5,
        6,
        7
      ],
      [
        6
      ],
      [],
      [
        5,
        6
      ],
      [
        0,
        1,
        2,
        3,
        4,
        5,
        6,
        7
      ]
    ],
    "right": [
      [
        1,
        3,
        8
      ],
      [
        8
      ],
      [
        0,
        1,
        3,
        4,
        8
      ],
      [
        1,
        8
      ],
      [
        0,
        1,
        3,
        8
      ],
      [
        0,
        1,
        2,
        3,
        4,
        7,
        8
      ],
      [
        0,
        1,
        2,
        3,
        4,
        5,
        7,
        8
      ],
      [
        0,
        1,
        2,
        3,
        4,
        8
      ],
      []
    ],
    "front": [
      [
        1,
        2,
        3,
        4,
        5,
        6,
        7,
        8
      ],
      [
        3,
        4,
        6,
        7,
        8
      ],
      [
        1,
        3,
        4,
        5,
        6,
        7,
        8
      ],
      [
        4
      ],
      [],
      [
        1,
        3,
        4,
        6,
        7,
        8
      ],
      [
        3,
        4,
        7,
        8
      ],
      [
        3,
        4
      ],
      [
        3,
        4,
        7
      ]
    ],
    "behind": [
      [],
      [
        0,
        2,
        5
      ],
      [
        0
      ],
      [
        0,
        1,
        2,
        5,
        6,
        7,
        8
      ],
      [
        0,
        1,
        2,
        3,
        5,
        6,
        7,
        8
      ],
      [
        0,
        2
      ],
      [
        0,
        1,
        2,
        5
      ],
      [
        0,
        1,
        2,
        5,
        6,
        8
      ],
      [
        0,
        1,
        2,
        5,
        6
      ]
    ]
  },
  "split": "new",
  "objects": [
    {
      "pixel_coords": [
        249,
        69,
        14.453906059265137
      ],
      "3d_coords": [
        -2.7768802642822266,
        2.6362807750701904,
        0.699999988079071
      ],
      "size": "large",
      "color": "blue",
      "material": "rubber",
      "shape": "cylinder",
      "rotation": 316.76414986322766
    },
    {
      "pixel_coords": [
        315,
        120,
        11.644639015197754
      ],
      "3d_coords": [
        0.6245930194854736,
        1.6575535535812378,
        0.699999988079071
      ],
      "size": "large",
      "color": "red",
      "material": "rubber",
      "shape": "cylinder",
      "rotation": 102.00102283597155
    },
    {
      "pixel_coords": [
        192,
        82,
        13.584604263305664
      ],
      "3d_coords": [
        -2.956268310546875,
        0.8521498441696167,
        0.699999988079071
      ],
      "size": "large",
      "color": "green",
      "material": "rubber",
      "shape": "cylinder",
      "rotation": 30.02495679070851
    },
    {
      "pixel_coords": [
        297,
        183,
        9.378288269042969
      ],
      "3d_coords": [
        2.212751626968384,
        -0.5219259858131409,
        0.699999988079071
      ],
      "size": "large",
      "color": "blue",
      "material": "rubber",
      "shape": "sphere",
      "rotation": 11.256234824871427
    },
    {
      "pixel_coords": [
        192,
        221,
        8.401304244995117
      ],
      "3d_coords": [
        1.935957670211792,
        -2.617462635040283,
        0.699999988079071
      ],
      "size": "large",
      "color": "green",
      "material": "rubber",
      "shape": "cube",
      "rotation": 141.2930495880811
    },
    {
      "pixel_coords": [
        138,
        101,
        12.534794807434082
      ],
      "3d_coords": [
        -2.7859835624694824,
        -0.837220311164856,
        0.699999988079071
      ],
      "size": "large",
      "color": "green",
      "material": "rubber",
      "shape": "cylinder",
      "rotation": 105.07036274070089
    },
    {
      "pixel_coords": [
        63,
        129,
        11.232494354248047
      ],
      "3d_coords": [
        -2.4967401027679443,
        -2.8391125202178955,
        0.699999988079071
      ],
      "size": "large",
      "color": "red",
      "material": "rubber",
      "shape": "cylinder",
      "rotation": 214.1618748120605
    },
    {
      "pixel_coords": [
        139,
        156,
        10.207504272460938
      ],
      "3d_coords": [
        -0.4323713183403015,
        -2.2062766551971436,
        0.699999988079071
      ],
      "size": "large",
      "color": "red",
      "material": "rubber",
      "shape": "cube",
      "rotation": 38.85447512826843
    },
    {
      "pixel_coords": [
        405,
        143,
        10.682963371276855
      ],
      "3d_coords": [
        2.548503875732422,
        2.235738515853882,
        0.699999988079071
      ],
      "size": "large",
      "color": "red",
      "material": "rubber",
      "shape": "cylinder",
      "rotation": 236.6389216598029
    }
  ],
  "image_index": 41,
  "image_filename": "CLEVR_new_000041.png"
}