{
  "directions": {
    "above": [
      0.0,
      0.0,
      1.0
    ],
    "left": [
      -0.6563112735748291,
      -0.7544902563095093,
      0.0
    ],
    "right": [
      0.6563112735748291,
      0.7544902563095093,
      -0.0
    ],
    "below": [
      -0.0,
      -0.0,
      -1.0
    ],
    "front": [
      0.754490315914154,
      -0.6563112735748291,
      -0.0
    ],
    "behind": [
      -0.754490315914154,
      0.6563112735748291,
      0.0
    ]
  },
  "relationships": {
    "left": [
      [
        2,
        3,
        5
      ],
      [
        0,
        2,
        3,
        4,
        5,
        8,
        9
      ],
      [
        3,
        5
      ],
      [
        5
      ],
      [
        0,
        2,
        3,
        5,
        8
      ],
      [],
      [
        0,
        1,
        2,
        3,
        4,
        5,
        7,
        8,
        9
      ],
      [
        0,
        1,
        2,
        3,
        4,
        5,
        8,
        9
      ],
      [
        0,
        2,
        3,
        5
      ],
      [
        0,
        2,
        3,
        4,
        5,
        8
      ]
    ],
    "right": [
      [
        1,
        4,
        6,
        7,
        8,
        9
      ],
      [
        6,
        7
      ],
      [
        0,
        1,
        4,
        6,
        7,
        8,
        9
      ],
      [
        0,
        1,
        2,
        4,
        6,
        7,
        8,
        9
      ],
      [
        1,
        6,
        7,
        9
      ],
      [
        0,
        1,
        2,
        3,
        4,
        6,
        7,
        8,
        9
      ],
      [],
      [
        6
      ],
      [
        1,
        4,
        6,
        7,
        9
      ],
      [
        1,
        6,
        7
      ]
    ],
    "front": [
      [
        1,
        2,
        3,
        4,
        6,
        7
      ],
      [
        2,
        3,
        4,
        6,
        7
      ],
      [],
      [
        2,
        4,
        7
      ],
      [
        2,
        7
      ],
      [
        0,
        1,
        2,
        3,
        4,
        6,
        7
      ],
      [
        2,
        3,
        4,
        7
      ],
      [
        2
      ],
      [
        0,
        1,
        2,
        3,
        4,
        5,
        6,
        7,
        9
      ],
      [
        0,
        1,
        2,
        3,
        4,
        5,
        6,
        7
      ]
    ],
    "behind": [
      [
        5,
        8,
        9
      ],
      [
        0,
        5,
        8,
        9
      ],
      [
        0,
        1,
        3,
        4,
        5,
        6,
        7,
        8,
        9
      ],
      [
        0,
        1,
        5,
        6,
        8,
        9
      ],
      [
        0,
        1,
        3,
        5,
        6,
        8,
        9
      ],
      [
        8,
        9
      ],
      [
        0,
        1,
        5,
        8,
        9
      ],
      [
        0,
        1,
        3,
        4,
        5,
        6,
        8,
        9
      ],
      [],
      [
        8
      ]
    ]
  },
  "split": "new",
  "objects": [
    {
      "pixel_coords": [
        219,
        113,
        11.658456802368164
      ],
      "3d_coords": [
        -0.9535554051399231,
        0.19886621832847595,
        0.699999988079071
      ],
      "size": "large",
      "color": "blue",
      "material": "rubber",
      "shape": "cylinder",
      "rotation": 254.13535016905072
    },
    {
      "pixel_coords": [
        304,
        125,
        11.17455005645752
      ],
      "3d_coords": [
        0.6424829363822937,
        1.2299821376800537,
        0.699999988079071
      ],
      "size": "large",
      "color": "green",
      "material": "rubber",
      "shape": "cube",
      "rotation": 189.63868369498553
    },
    {
      "pixel_coords": [
        164,
        225,
        8.138145446777344
      ],
      "3d_coords": [
        1.7106417417526245,
        -2.964970350265503,
        0.699999988079071
      ],
      "size": "large",
      "color": "red",
      "material": "rubber",
      "shape": "cylinder",
      "rotation": 321.2283602838993
    },
    {
      "pixel_coords": [
        151,
        147,
        10.311746597290039
      ],
      "3d_coords": [
        -0.5882756114006042,
        -1.7909899950027466,
        0.699999988079071
      ],
      "size": "large",
      "color": "green",
      "material": "rubber",
      "shape": "sphere",
      "rotation": 317.0700173936485
    },
    {
      "pixel_coords": [
        262,
        164,
        9.747179985046387
      ],
      "3d_coords": [
        1.294550895690918,
        -0.5632635951042175,
        0.699999988079071
      ],
      "size": "large",
      "color": "blue",
      "material": "rubber",
      "shape": "cube",
      "rotation": 317.5814359819279
    },
    {
      "pixel_coords": [
        128,
        99,
        12.333553314208984
      ],
      "3d_coords": [
        -2.952831268310547,
        -0.9686204791069031,
        0.699999988079071
      ],
      "size": "large",
      "color": "blue",
      "material": "rubber",
      "shape": "sphere",
      "rotation": 320.00253842604
    },
    {
      "pixel_coords": [
        399,
        139,
        10.62021255493164
      ],
      "3d_coords": [
        2.3349313735961914,
        2.2491846084594727,
        0.699999988079071
      ],
      "size": "large",
      "color": "green",
      "material": "rubber",
      "shape": "sphere",
      "rotation": 111.87872748962702
    },
    {
      "pixel_coords": [
        350,
        183,
        9.191344261169434
      ],
      "3d_coords": [
        2.76534104347229,
        0.1890096813440323,
        0.699999988079071
      ],
      "size": "large",
      "color": "red",
      "material": "rubber",
      "shape": "cube",
      "rotation": 43.065584524635725
    },
    {
      "pixel_coords": [
        241,
        70,
        14.008597373962402
      ],
      "3d_coords": [
        -2.7203357219696045,
        2.3251209259033203,
        0.699999988079071
      ],
      "size": "large",
      "color": "green",
      "material": "rubber",
      "shape": "cylinder",
      "rotation": 326.9710365922676
    },
    {
      "pixel_coords": [
        281,
        90,
        12.790388107299805
      ],
      "3d_coords": [
        -1.027139663696289,
        2.1496469974517822,
        0.699999988079071
      ],
      "size": "large",
      "color": "green",
      "material": "rubber",
      "shape": "cube",
      "rotation": 137.04907186148893
    }
  ],
  "image_index": 92,
  "image_filename": "CLEVR_new_000092.png"
}