{
  "directions": {
    "above": [
      0.0,
      0.0,
      1.0
    ],
    "left": [
      -0.6563112735748291,
      -0.7544902563095093,
      0.0
    ],
    "right": [
      0.6563112735748291,
      0.7544902563095093,
      -0.0
    ],
    "below": [
      -0.0,
      -0.0,
      -1.0
    ],
    "front": [
      0.754490315914154,
      -0.6563112735748291,
      -0.0
    ],
    "behind": [
      -0.754490315914154,
      0.6563112735748291,
      0.0
    ]
  },
  "relationships": {
    "left": [
      [
        4,
        7
      ],
      [
        0,
        2,
        3,
        4,
        5,
        7
      ],
      [
        0,
        4,
        7
      ],
      [
        0,
        2,
        4,
        5,
        7
      ],
      [],
      [
        0,
        2,
        4,
        7
      ],
      [
        0,
        1,
        2,
        3,
        4,
        5,
        7
      ],
      [
        4
      ]
    ],
    "right": [
      [
        1,
        2,
        3,
        5,
        6
      ],
      [
        6
      ],
      [
        1,
        3,
        5,
        6
      ],
      [
        1,
        6
      ],
      [
        0,
        1,
        2,
        3,
        5,
        6,
        7
      ],
      [
        1,
        3,
        6
      ],
      [],
      [
        0,
        1,
        2,
        3,
        5,
        6
      ]
    ],
    "front": [
      [
        2,
        3,
        4
      ],
      [
        0,
        2,
        3,
        4,
        6
      ],
      [],
      [
        2
      ],
      [
        2,
        3
      ],
      [
        0,
        1,
        2,
        3,
        4,
        6,
        7
      ],
      [
        0,
        2,
        3,
        4
      ],
      [
        0,
        1,
        2,
        3,
        4,
        6
      ]
    ],
    "behind": [
      [
        1,
        5,
        6,
        7
      ],
      [
        5,
        7
      ],
      [
        0,
        1,
        3,
        4,
        5,
        6,
        7
      ],
      [
        0,
        1,
        4,
        5,
        6,
        7
      ],
      [
        0,
        1,
        5,
        6,
        7
      ],
      [],
      [
        1,
        5,
        7
      ],
      [
        5
      ]
    ]
  },
  "split": "new",
  "objects": [
    {
      "pixel_coords": [
        182,
        136,
        10.980415344238281
      ],
      "3d_coords": [
        -0.5738186240196228,
        -1.1164019107818604,
        0.699999988079071
      ],
      "size": "large",
      "color": "green",
      "material": "rubber",
      "shape": "cylinder",
      "rotation": 156.240806083729
    },
    {
      "pixel_coords": [
        300,
        105,
        12.700767517089844
      ],
      "3d_coords": [
        -0.23018193244934082,
        2.139277696609497,
        0.699999988079071
      ],
      "size": "large",
      "color": "blue",
      "material": "rubber",
      "shape": "sphere",
      "rotation": 183.9904527705065
    },
    {
      "pixel_coords": [
        219,
        217,
        8.135123252868652
      ],
      "3d_coords": [
        2.378225326538086,
        -2.554314136505127,
        0.699999988079071
      ],
      "size": "large",
      "color": "red",
      "material": "rubber",
      "shape": "cylinder",
      "rotation": 289.95896098606
    },
    {
      "pixel_coords": [
        304,
        189,
        8.941184043884277
      ],
      "3d_coords": [
        2.6529359817504883,
        -0.9014158248901367,
        0.699999988079071
      ],
      "size": "large",
      "color": "blue",
      "material": "rubber",
      "shape": "sphere",
      "rotation": 202.51339205390912
    },
    {
      "pixel_coords": [
        83,
        150,
        10.357598304748535
      ],
      "3d_coords": [
        -1.3153072595596313,
        -2.9868555068969727,
        0.699999988079071
      ],
      "size": "large",
      "color": "blue",
      "material": "rubber",
      "shape": "sphere",
      "rotation": 7.416590627087061
    },
    {
      "pixel_coords": [
        241,
        83,
        14.269609451293945
      ],
      "3d_coords": [
        -2.478853940963745,
        2.235954761505127,
        0.699999988079071
      ],
      "size": "large",
      "color": "green",
      "material": "rubber",
      "shape": "sphere",
      "rotation": 3.326141394610347
    },
    {
      "pixel_coords": [
        363,
        127,
        11.43756103515625
      ],
      "3d_coords": [
        1.646767020225525,
        2.1358237266540527,
        0.699999988079071
      ],
      "size": "large",
      "color": "blue",
      "material": "rubber",
      "shape": "cylinder",
      "rotation": 336.9593699223135
    },
    {
      "pixel_coords": [
        160,
        98,
        13.20125675201416
      ],
      "3d_coords": [
        -2.936795711517334,
        -0.05999975651502609,
        0.699999988079071
      ],
      "size": "large",
      "color": "green",
      "material": "rubber",
      "shape": "cube",
      "rotation": 290.86602185368525
    }
  ],
  "image_index": 35,
  "image_filename": "CLEVR_new_000035.png"
}