{
  "directions": {
    "above": [
      0.0,
      0.0,
      1.0
    ],
    "left": [
      -0.6563112735748291,
      -0.7544902563095093,
      0.0
    ],
    "right": [
      0.6563112735748291,
      0.7544902563095093,
      -0.0
    ],
    "below": [
      -0.0,
      -0.0,
      -1.0
    ],
    "front": [
      0.754490315914154,
      -0.6563112735748291,
      -0.0
    ],
    "behind": [
      -0.754490315914154,
      0.6563112735748291,
      0.0
    ]
  },
  "relationships": {
    "left": [
      [
        1,
        2,
        4,
        5
      ],
      [
        4,
        5
      ],
      [
        1,
        4,
        5
      ],
      [
        0,
        1,
        2,
        4,
        5
      ],
      [],
      [
        4
      ]
    ],
    "right": [
      [
        3
      ],
      [
        0,
        2,
        3
      ],
      [
        0,
        3
      ],
      [],
      [
        0,
        1,
        2,
        3,
        5
      ],
      [
        0,
        1,
        2,
        3
      ]
    ],
    "front": [
      [
        5
      ],
      [
        0,
        5
      ],
      [
        0,
        1,
        3,
        4,
        5
      ],
      [
        0,
        1,
        4,
        5
      ],
      [
        0,
        1,
        5
      ],
      []
    ],
    "behind": [
      [
        1,
        2,
        3,
        4
      ],
      [
        2,
        3,
        4
      ],
      [],
      [
        2
      ],
      [
        2,
        3
      ],
      [
        0,
        1,
        2,
        3,
        4
      ]
    ]
  },
  "split": "new",
  "objects": [
    {
      "pixel_coords": [
        355,
        159,
        9.855450630187988
      ],
      "3d_coords": [
        2.3974075317382812,
        0.7521557211875916,
        0.699999988079071
      ],
      "size": "large",
      "color": "green",
      "material": "rubber",
      "shape": "cylinder",
      "rotation": 215.02700968767027
    },
    {
      "pixel_coords": [
        265,
        143,
        10.464299201965332
      ],
      "3d_coords": [
        0.7827529311180115,
        -0.025239987298846245,
        0.699999988079071
      ],
      "size": "large",
      "color": "blue",
      "material": "rubber",
      "shape": "sphere",
      "rotation": 197.51600873328277
    },
    {
      "pixel_coords": [
        309,
        110,
        11.97607707977295
      ],
      "3d_coords": [
        0.21510787308216095,
        1.9102228879928589,
        0.699999988079071
      ],
      "size": "large",
      "color": "green",
      "material": "rubber",
      "shape": "cylinder",
      "rotation": 38.91378396037419
    },
    {
      "pixel_coords": [
        393,
        119,
        11.507100105285645
      ],
      "3d_coords": [
        1.792476773262024,
        2.8838002681732178,
        0.699999988079071
      ],
      "size": "large",
      "color": "green",
      "material": "rubber",
      "shape": "cylinder",
      "rotation": 78.4895029848294
    },
    {
      "pixel_coords": [
        190,
        131,
        10.982487678527832
      ],
      "3d_coords": [
        -0.6810365319252014,
        -0.7874798774719238,
        0.699999988079071
      ],
      "size": "large",
      "color": "blue",
      "material": "rubber",
      "shape": "cube",
      "rotation": 351.7217378002048
    },
    {
      "pixel_coords": [
        203,
        218,
        8.134984016418457
      ],
      "3d_coords": [
        2.0325777530670166,
        -2.5859031677246094,
        0.699999988079071
      ],
      "size": "large",
      "color": "green",
      "material": "rubber",
      "shape": "sphere",
      "rotation": 190.47147206049112
    }
  ],
  "image_index": 99,
  "image_filename": "CLEVR_new_000099.png"
}