{
  "directions": {
    "above": [
      0.0,
      0.0,
      1.0
    ],
    "left": [
      -0.6563112735748291,
      -0.7544902563095093,
      0.0
    ],
    "right": [
      0.6563112735748291,
      0.7544902563095093,
      -0.0
    ],
    "below": [
      -0.0,
      -0.0,
      -1.0
    ],
    "front": [
      0.754490315914154,
      -0.6563112735748291,
      -0.0
    ],
    "behind": [
      -0.754490315914154,
      0.6563112735748291,
      0.0
    ]
  },
  "relationships": {
    "left": [
      [
        1,
        2,
        3,
        4,
        5,
        6
      ],
      [
        2,
        3,
        6
      ],
      [
        3,
        6
      ],
      [
        6
      ],
      [
        1,
        2,
        3,
        6
      ],
      [
        1,
        2,
        3,
        4,
        6
      ],
      []
    ],
    "right": [
      [],
      [
        0,
        4,
        5
      ],
      [
        0,
        1,
        4,
        5
      ],
      [
        0,
        1,
        2,
        4,
        5
      ],
      [
        0,
        5
      ],
      [
        0
      ],
      [
        0,
        1,
        2,
        3,
        4,
        5
      ]
    ],
    "front": [
      [
        1,
        3,
        5
      ],
      [
        5
      ],
      [
        0,
        1,
        3,
        4,
        5,
        6
      ],
      [
        1,
        5
      ],
      [
        0,
        1,
        3,
        5,
        6
      ],
      [],
      [
        0,
        1,
        3,
        5
      ]
    ],
    "behind": [
      [
        2,
        4,
        6
      ],
      [
        0,
        2,
        3,
        4,
        6
      ],
      [],
      [
        0,
        2,
        4,
        6
      ],
      [
        2
      ],
      [
        0,
        1,
        2,
        3,
        4,
        6
      ],
      [
        2,
        4
      ]
    ]
  },
  "split": "new",
  "objects": [
    {
      "pixel_coords": [
        379,
        122,
        11.118739128112793
      ],
      "3d_coords": [
        1.581522822380066,
        2.5222864151000977,
        0.699999988079071
      ],
      "size": "large",
      "color": "blue",
      "material": "rubber",
      "shape": "sphere",
      "rotation": 19.22094631153227
    },
    {
      "pixel_coords": [
        232,
        162,
        9.540327072143555
      ],
      "3d_coords": [
        0.9566415548324585,
        -0.9981309175491333,
        0.699999988079071
      ],
      "size": "large",
      "color": "blue",
      "material": "rubber",
      "shape": "cube",
      "rotation": 19.221318624903002
    },
    {
      "pixel_coords": [
        189,
        84,
        13.149630546569824
      ],
      "3d_coords": [
        -2.9092588424682617,
        0.7742401957511902,
        0.699999988079071
      ],
      "size": "large",
      "color": "red",
      "material": "rubber",
      "shape": "cylinder",
      "rotation": 33.47331773726344
    },
    {
      "pixel_coords": [
        144,
        142,
        10.266182899475098
      ],
      "3d_coords": [
        -0.7841362357139587,
        -1.783831238746643,
        0.699999988079071
      ],
      "size": "large",
      "color": "blue",
      "material": "rubber",
      "shape": "cylinder",
      "rotation": 141.9697476701473
    },
    {
      "pixel_coords": [
        281,
        99,
        12.240507125854492
      ],
      "3d_coords": [
        -0.6813340187072754,
        1.8147861957550049,
        0.699999988079071
      ],
      "size": "large",
      "color": "red",
      "material": "rubber",
      "shape": "cylinder",
      "rotation": 258.9073149206229
    },
    {
      "pixel_coords": [
        340,
        195,
        8.554838180541992
      ],
      "3d_coords": [
        2.955810546875,
        -0.3632819354534149,
        0.699999988079071
      ],
      "size": "large",
      "color": "red",
      "material": "rubber",
      "shape": "sphere",
      "rotation": 278.56917629441796
    },
    {
      "pixel_coords": [
        140,
        106,
        11.856091499328613
      ],
      "3d_coords": [
        -2.421010732650757,
        -0.9247668385505676,
        0.699999988079071
      ],
      "size": "large",
      "color": "green",
      "material": "rubber",
      "shape": "cylinder",
      "rotation": 191.98255456951298
    }
  ],
  "image_index": 57,
  "image_filename": "CLEVR_new_000057.png"
}