{
  "directions": {
    "above": [
      0.0,
      0.0,
      1.0
    ],
    "left": [
      -0.6563112735748291,
      -0.7544902563095093,
      0.0
    ],
    "right": [
      0.6563112735748291,
      0.7544902563095093,
      -0.0
    ],
    "below": [
      -0.0,
      -0.0,
      -1.0
    ],
    "front": [
      0.754490315914154,
      -0.6563112735748291,
      -0.0
    ],
    "behind": [
      -0.754490315914154,
      0.6563112735748291,
      0.0
    ]
  },
  "relationships": {
    "left": [
      [],
      [
        0,
        2,
        3,
        4,
        5,
        7,
        8
      ],
      [
        0,
        7,
        8
      ],
      [
        0,
        2,
        4,
        5,
        7,
        8
      ],
      [
        0,
        2,
        5,
        7,
        8
      ],
      [
        0,
        2,
        7,
        8
      ],
      [
        0,
        1,
        2,
        3,
        4,
        5,
        7,
        8
      ],
      [
        0,
        8
      ],
      [
        0
      ]
    ],
    "right": [
      [
        1,
        2,
        3,
        4,
        5,
        6,
        7,
        8
      ],
      [
        6
      ],
      [
        1,
        3,
        4,
        5,
        6
      ],
      [
        1,
        6
      ],
      [
        1,
        3,
        6
      ],
      [
        1,
        3,
        4,
        6
      ],
      [],
      [
        1,
        2,
        3,
        4,
        5,
        6
      ],
      [
        1,
        2,
        3,
        4,
        5,
        6,
        7
      ]
    ],
    "front": [
      [
        3,
        5,
        7
      ],
      [
        0,
        2,
        3,
        4,
        5,
        6,
        7,
        8
      ],
      [
        0,
        3,
        5,
        7
      ],
      [
        5,
        7
      ],
      [
        0,
        2,
        3,
        5,
        7
      ],
      [],
      [
        0,
        2,
        3,
        4,
        5,
        7
      ],
      [
        5
      ],
      [
        0,
        2,
        3,
        4,
        5,
        6,
        7
      ]
    ],
    "behind": [
      [
        1,
        2,
        4,
        6,
        8
      ],
      [],
      [
        1,
        4,
        6,
        8
      ],
      [
        0,
        1,
        2,
        4,
        6,
        8
      ],
      [
        1,
        6,
        8
      ],
      [
        0,
        1,
        2,
        3,
        4,
        6,
        7,
        8
      ],
      [
        1,
        8
      ],
      [
        0,
        1,
        2,
        3,
        4,
        6,
        8
      ],
      [
        1
      ]
    ]
  },
  "split": "new",
  "objects": [
    {
      "pixel_coords": [
        97,
        145,
        10.466919898986816
      ],
      "3d_coords": [
        -1.2633267641067505,
        -2.679338216781616,
        0.699999988079071
      ],
      "size": "large",
      "color": "blue",
      "material": "rubber",
      "shape": "cylinder",
      "rotation": 194.36316198581704
    },
    {
      "pixel_coords": [
        330,
        101,
        12.9927396774292
      ],
      "3d_coords": [
        -0.012537510134279728,
        2.9821407794952393,
        0.699999988079071
      ],
      "size": "large",
      "color": "red",
      "material": "rubber",
      "shape": "cylinder",
      "rotation": 130.08622056961434
    },
    {
      "pixel_coords": [
        184,
        134,
        11.022396087646484
      ],
      "3d_coords": [
        -0.6247049570083618,
        -1.018735647201538,
        0.699999988079071
      ],
      "size": "large",
      "color": "green",
      "material": "rubber",
      "shape": "sphere",
      "rotation": 185.8958084465895
    },
    {
      "pixel_coords": [
        301,
        161,
        9.793071746826172
      ],
      "3d_coords": [
        1.9148705005645752,
        -0.17566968500614166,
        0.699999988079071
      ],
      "size": "large",
      "color": "green",
      "material": "rubber",
      "shape": "cube",
      "rotation": 355.5448948163428
    },
    {
      "pixel_coords": [
        260,
        126,
        11.413884162902832
      ],
      "3d_coords": [
        0.1088705062866211,
        0.4756454825401306,
        0.699999988079071
      ],
      "size": "large",
      "color": "blue",
      "material": "rubber",
      "shape": "cube",
      "rotation": 195.89894047421214
    },
    {
      "pixel_coords": [
        224,
        216,
        8.010980606079102
      ],
      "3d_coords": [
        2.488764524459839,
        -2.5054843425750732,
        0.699999988079071
      ],
      "size": "large",
      "color": "green",
      "material": "rubber",
      "shape": "sphere",
      "rotation": 140.8618989797299
    },
    {
      "pixel_coords": [
        385,
        119,
        11.82332992553711
      ],
      "3d_coords": [
        1.6432783603668213,
        2.9154582023620605,
        0.699999988079071
      ],
      "size": "large",
      "color": "red",
      "material": "rubber",
      "shape": "cube",
      "rotation": 317.19457210252745
    },
    {
      "pixel_coords": [
        137,
        186,
        8.909896850585938
      ],
      "3d_coords": [
        0.7581400275230408,
        -2.9775028228759766,
        0.699999988079071
      ],
      "size": "large",
      "color": "green",
      "material": "rubber",
      "shape": "cube",
      "rotation": 204.5016359105314
    },
    {
      "pixel_coords": [
        146,
        111,
        12.329524040222168
      ],
      "3d_coords": [
        -2.3812196254730225,
        -0.8364149928092957,
        0.699999988079071
      ],
      "size": "large",
      "color": "blue",
      "material": "rubber",
      "shape": "cube",
      "rotation": 99.36093862205308
    }
  ],
  "image_index": 43,
  "image_filename": "CLEVR_new_000043.png"
}