{
  "directions": {
    "above": [
      0.0,
      0.0,
      1.0
    ],
    "left": [
      -0.6563112735748291,
      -0.7544902563095093,
      0.0
    ],
    "right": [
      0.6563112735748291,
      0.7544902563095093,
      -0.0
    ],
    "below": [
      -0.0,
      -0.0,
      -1.0
    ],
    "front": [
      0.754490315914154,
      -0.6563112735748291,
      -0.0
    ],
    "behind": [
      -0.754490315914154,
      0.6563112735748291,
      0.0
    ]
  },
  "relationships": {
    "left": [
      [
        6
      ],
      [
        0,
        2,
        3,
        4,
        5,
        6,
        7,
        8
      ],
      [
        0,
        4,
        6,
        7,
        8
      ],
      [
        0,
        2,
        4,
        5,
        6,
        7,
        8
      ],
      [
        0,
        6,
        7,
        8
      ],
      [
        0,
        2,
        4,
        6,
        7,
        8
      ],
      [],
      [
        0,
        6,
        8
      ],
      [
        0,
        6
      ]
    ],
    "right": [
      [
        1,
        2,
        3,
        4,
        5,
        7,
        8
      ],
      [],
      [
        1,
        3,
        5
      ],
      [
        1
      ],
      [
        1,
        2,
        3,
        5
      ],
      [
        1,
        3
      ],
      [
        0,
        1,
        2,
        3,
        4,
        5,
        7,
        8
      ],
      [
        1,
        2,
        3,
        4,
        5
      ],
      [
        1,
        2,
        3,
        4,
        5,
        7
      ]
    ],
    "front": [
      [
        1,
        2,
        3,
        6
      ],
      [
        2,
        3,
        6
      ],
      [],
      [
        2,
        6
      ],
      [
        0,
        1,
        2,
        3,
        5,
        6,
        7,
        8
      ],
      [
        0,
        1,
        2,
        3,
        6,
        7
      ],
      [
        2
      ],
      [
        0,
        1,
        2,
        3,
        6
      ],
      [
        0,
        1,
        2,
        3,
        5,
        6,
        7
      ]
    ],
    "behind": [
      [
        4,
        5,
        7,
        8
      ],
      [
        0,
        4,
        5,
        7,
        8
      ],
      [
        0,
        1,
        3,
        4,
        5,
        6,
        7,
        8
      ],
      [
        0,
        1,
        4,
        5,
        7,
        8
      ],
      [],
      [
        4,
        8
      ],
      [
        0,
        1,
        3,
        4,
        5,
        7,
        8
      ],
      [
        4,
        5,
        8
      ],
      [
        4
      ]
    ]
  },
  "split": "new",
  "objects": [
    {
      "pixel_coords": [
        139,
        117,
        11.159399032592773
      ],
      "3d_coords": [
        -1.874656081199646,
        -1.2255302667617798,
        0.699999988079071
      ],
      "size": "large",
      "color": "green",
      "material": "rubber",
      "shape": "cylinder",
      "rotation": 315.89398378077
    },
    {
      "pixel_coords": [
        438,
        132,
        10.515228271484375
      ],
      "3d_coords": [
        2.6373605728149414,
        2.9744198322296143,
        0.699999988079071
      ],
      "size": "large",
      "color": "green",
      "material": "rubber",
      "shape": "cube",
      "rotation": 131.87565362420727
    },
    {
      "pixel_coords": [
        275,
        196,
        8.39991283416748
      ],
      "3d_coords": [
        2.2741968631744385,
        -1.1828454732894897,
        0.699999988079071
      ],
      "size": "large",
      "color": "blue",
      "material": "rubber",
      "shape": "cube",
      "rotation": 296.7620268283239
    },
    {
      "pixel_coords": [
        357,
        148,
        9.885912895202637
      ],
      "3d_coords": [
        2.042996406555176,
        1.1625704765319824,
        0.699999988079071
      ],
      "size": "large",
      "color": "red",
      "material": "rubber",
      "shape": "sphere",
      "rotation": 316.0989473213915
    },
    {
      "pixel_coords": [
        244,
        70,
        13.817063331604004
      ],
      "3d_coords": [
        -2.730893611907959,
        2.4456558227539062,
        0.699999988079071
      ],
      "size": "large",
      "color": "red",
      "material": "rubber",
      "shape": "sphere",
      "rotation": 28.303976710429623
    },
    {
      "pixel_coords": [
        312,
        92,
        12.40361213684082
      ],
      "3d_coords": [
        -0.4661868214607239,
        2.632589817047119,
        0.699999988079071
      ],
      "size": "large",
      "color": "green",
      "material": "rubber",
      "shape": "cube",
      "rotation": 243.28900970459495
    },
    {
      "pixel_coords": [
        94,
        165,
        9.298733711242676
      ],
      "3d_coords": [
        -0.5440438985824585,
        -2.9312381744384766,
        0.699999988079071
      ],
      "size": "large",
      "color": "red",
      "material": "rubber",
      "shape": "cube",
      "rotation": 305.0412128904817
    },
    {
      "pixel_coords": [
        224,
        107,
        11.630632400512695
      ],
      "3d_coords": [
        -1.1319761276245117,
        0.48310208320617676,
        0.699999988079071
      ],
      "size": "large",
      "color": "green",
      "material": "rubber",
      "shape": "sphere",
      "rotation": 199.97430913022285
    },
    {
      "pixel_coords": [
        176,
        86,
        12.811054229736328
      ],
      "3d_coords": [
        -2.9391868114471436,
        0.4264598786830902,
        0.699999988079071
      ],
      "size": "large",
      "color": "blue",
      "material": "rubber",
      "shape": "sphere",
      "rotation": 55.61198341396823
    }
  ],
  "image_index": 78,
  "image_filename": "CLEVR_new_000078.png"
}