{
  "directions": {
    "above": [
      0.0,
      0.0,
      1.0
    ],
    "left": [
      -0.6563112735748291,
      -0.7544902563095093,
      0.0
    ],
    "right": [
      0.6563112735748291,
      0.7544902563095093,
      -0.0
    ],
    "below": [
      -0.0,
      -0.0,
      -1.0
    ],
    "front": [
      0.754490315914154,
      -0.6563112735748291,
      -0.0
    ],
    "behind": [
      -0.754490315914154,
      0.6563112735748291,
      0.0
    ]
  },
  "relationships": {
    "left": [
      [
        2,
        3
      ],
      [
        0,
        2,
        3
      ],
      [],
      [
        2
      ],
      [
        0,
        1,
        2,
        3
      ],
      [
        0,
        1,
        2,
        3,
        4,
        6
      ],
      [
        0,
        1,
        2,
        3,
        4
      ]
    ],
    "right": [
      [
        1,
        4,
        5,
        6
      ],
      [
        4,
        5,
        6
      ],
      [
        0,
        1,
        3,
        4,
        5,
        6
      ],
      [
        0,
        1,
        4,
        5,
        6
      ],
      [
        5,
        6
      ],
      [],
      [
        5
      ]
    ],
    "front": [
      [],
      [
        0,
        2,
        3,
        4,
        5,
        6
      ],
      [
        0,
        3,
        4,
        5,
        6
      ],
      [
        0,
        6
      ],
      [
        0,
        3,
        5,
        6
      ],
      [
        0,
        3,
        6
      ],
      [
        0
      ]
    ],
    "behind": [
      [
        1,
        2,
        3,
        4,
        5,
        6
      ],
      [],
      [
        1
      ],
      [
        1,
        2,
        4,
        5
      ],
      [
        1,
        2
      ],
      [
        1,
        2,
        4
      ],
      [
        1,
        2,
        3,
        4,
        5
      ]
    ]
  },
  "split": "new",
  "objects": [
    {
      "pixel_coords": [
        247,
        225,
        7.56575870513916
      ],
      "3d_coords": [
        2.57739520072937,
        -2.144273281097412,
        0.699999988079071
      ],
      "size": "large",
      "color": "red",
      "material": "rubber",
      "shape": "cylinder",
      "rotation": 73.15965219278655
    },
    {
      "pixel_coords": [
        263,
        88,
        12.669656753540039
      ],
      "3d_coords": [
        -1.4386004209518433,
        2.0170388221740723,
        0.699999988079071
      ],
      "size": "large",
      "color": "red",
      "material": "rubber",
      "shape": "cylinder",
      "rotation": 94.83803428149564
    },
    {
      "pixel_coords": [
        128,
        105,
        11.682894706726074
      ],
      "3d_coords": [
        -2.6239173412323,
        -1.0016380548477173,
        0.699999988079071
      ],
      "size": "large",
      "color": "red",
      "material": "rubber",
      "shape": "sphere",
      "rotation": 288.1416947318628
    },
    {
      "pixel_coords": [
        210,
        153,
        9.58017635345459
      ],
      "3d_coords": [
        0.4396812319755554,
        -1.1256574392318726,
        0.699999988079071
      ],
      "size": "large",
      "color": "red",
      "material": "rubber",
      "shape": "cylinder",
      "rotation": 213.7737876809385
    },
    {
      "pixel_coords": [
        294,
        116,
        11.123785972595215
      ],
      "3d_coords": [
        0.2548280656337738,
        1.2951011657714844,
        0.699999988079071
      ],
      "size": "large",
      "color": "green",
      "material": "rubber",
      "shape": "sphere",
      "rotation": 30.12032767278107
    },
    {
      "pixel_coords": [
        387,
        134,
        10.307672500610352
      ],
      "3d_coords": [
        2.1044092178344727,
        1.9924793243408203,
        0.699999988079071
      ],
      "size": "large",
      "color": "red",
      "material": "rubber",
      "shape": "cube",
      "rotation": 176.4847650576206
    },
    {
      "pixel_coords": [
        359,
        179,
        8.761556625366211
      ],
      "3d_coords": [
        2.817289352416992,
        0.16341637074947357,
        0.699999988079071
      ],
      "size": "large",
      "color": "red",
      "material": "rubber",
      "shape": "cube",
      "rotation": 183.67862992519412
    }
  ],
  "image_index": 81,
  "image_filename": "CLEVR_new_000081.png"
}