{
  "directions": {
    "above": [
      0.0,
      0.0,
      1.0
    ],
    "left": [
      -0.6563112735748291,
      -0.7544902563095093,
      0.0
    ],
    "right": [
      0.6563112735748291,
      0.7544902563095093,
      -0.0
    ],
    "below": [
      -0.0,
      -0.0,
      -1.0
    ],
    "front": [
      0.754490315914154,
      -0.6563112735748291,
      -0.0
    ],
    "behind": [
      -0.754490315914154,
      0.6563112735748291,
      0.0
    ]
  },
  "relationships": {
    "left": [
      [
        4
      ],
      [
        0,
        2,
        3,
        4,
        5
      ],
      [
        0,
        3,
        4
      ],
      [
        0,
        4
      ],
      [],
      [
        0,
        2,
        3,
        4
      ]
    ],
    "right": [
      [
        1,
        2,
        3,
        5
      ],
      [],
      [
        1,
        5
      ],
      [
        1,
        2,
        5
      ],
      [
        0,
        1,
        2,
        3,
        5
      ],
      [
        1
      ]
    ],
    "front": [
      [
        2
      ],
      [
        0,
        2,
        4
      ],
      [],
      [
        0,
        1,
        2,
        4
      ],
      [
        0,
        2
      ],
      [
        0,
        1,
        2,
        3,
        4
      ]
    ],
    "behind": [
      [
        1,
        3,
        4,
        5
      ],
      [
        3,
        5
      ],
      [
        0,
        1,
        3,
        4,
        5
      ],
      [
        5
      ],
      [
        1,
        3,
        5
      ],
      []
    ]
  },
  "split": "new",
  "objects": [
    {
      "pixel_coords": [
        148,
        155,
        9.960402488708496
      ],
      "3d_coords": [
        -0.3580816388130188,
        -2.0511608123779297,
        0.699999988079071
      ],
      "size": "large",
      "color": "red",
      "material": "rubber",
      "shape": "cube",
      "rotation": 54.127988254138366
    },
    {
      "pixel_coords": [
        304,
        105,
        12.245211601257324
      ],
      "3d_coords": [
        -0.024545516818761826,
        2.068040132522583,
        0.699999988079071
      ],
      "size": "large",
      "color": "red",
      "material": "rubber",
      "shape": "cylinder",
      "rotation": 310.7672556735397
    },
    {
      "pixel_coords": [
        206,
        233,
        7.743467330932617
      ],
      "3d_coords": [
        2.3115999698638916,
        -2.870913505554199,
        0.699999988079071
      ],
      "size": "large",
      "color": "red",
      "material": "rubber",
      "shape": "sphere",
      "rotation": 64.73217801543912
    },
    {
      "pixel_coords": [
        182,
        88,
        13.228494644165039
      ],
      "3d_coords": [
        -2.8544886112213135,
        0.684730589389801,
        0.699999988079071
      ],
      "size": "large",
      "color": "blue",
      "material": "rubber",
      "shape": "cylinder",
      "rotation": 347.184619770284
    },
    {
      "pixel_coords": [
        106,
        128,
        11.089911460876465
      ],
      "3d_coords": [
        -2.0351972579956055,
        -1.9698970317840576,
        0.699999988079071
      ],
      "size": "large",
      "color": "red",
      "material": "rubber",
      "shape": "sphere",
      "rotation": 92.14096728536532
    },
    {
      "pixel_coords": [
        232,
        74,
        14.208673477172852
      ],
      "3d_coords": [
        -2.8084919452667236,
        2.348809242248535,
        0.699999988079071
      ],
      "size": "large",
      "color": "blue",
      "material": "rubber",
      "shape": "cylinder",
      "rotation": 310.29236661899427
    }
  ],
  "image_index": 50,
  "image_filename": "CLEVR_new_000050.png"
}