{
  "directions": {
    "above": [
      0.0,
      0.0,
      1.0
    ],
    "left": [
      -0.6563112735748291,
      -0.7544902563095093,
      0.0
    ],
    "right": [
      0.6563112735748291,
      0.7544902563095093,
      -0.0
    ],
    "below": [
      -0.0,
      -0.0,
      -1.0
    ],
    "front": [
      0.754490315914154,
      -0.6563112735748291,
      -0.0
    ],
    "behind": [
      -0.754490315914154,
      0.6563112735748291,
      0.0
    ]
  },
  "relationships": {
    "left": [
      [
        5
      ],
      [
        0,
        2,
        5
      ],
      [
        0,
        5
      ],
      [
        0,
        1,
        2,
        5
      ],
      [
        0,
        1,
        2,
        3,
        5
      ],
      []
    ],
    "right": [
      [
        1,
        2,
        3,
        4
      ],
      [
        3,
        4
      ],
      [
        1,
        3,
        4
      ],
      [
        4
      ],
      [],
      [
        0,
        1,
        2,
        3,
        4
      ]
    ],
    "front": [
      [
        3
      ],
      [
        0,
        2,
        3,
        4,
        5
      ],
      [
        0,
        3,
        4
      ],
      [],
      [
        0,
        3
      ],
      [
        0,
        2,
        3,
        4
      ]
    ],
    "behind": [
      [
        1,
        2,
        4,
        5
      ],
      [],
      [
        1,
        5
      ],
      [
        0,
        1,
        2,
        4,
        5
      ],
      [
        1,
        2,
        5
      ],
      [
        1
      ]
    ]
  },
  "split": "new",
  "objects": [
    {
      "pixel_coords": [
        159,
        148,
        10.266798973083496
      ],
      "3d_coords": [
        -0.3104778826236725,
        -1.7763859033584595,
        0.699999988079071
      ],
      "size": "large",
      "color": "red",
      "material": "rubber",
      "shape": "cylinder",
      "rotation": 59.68676267738533
    },
    {
      "pixel_coords": [
        250,
        79,
        13.877639770507812
      ],
      "3d_coords": [
        -2.38523006439209,
        2.203821897506714,
        0.699999988079071
      ],
      "size": "large",
      "color": "green",
      "material": "rubber",
      "shape": "cube",
      "rotation": 193.45603367104846
    },
    {
      "pixel_coords": [
        219,
        113,
        11.85869312286377
      ],
      "3d_coords": [
        -1.0394487380981445,
        0.217052161693573,
        0.699999988079071
      ],
      "size": "large",
      "color": "blue",
      "material": "rubber",
      "shape": "cylinder",
      "rotation": 350.26694398693286
    },
    {
      "pixel_coords": [
        276,
        162,
        9.773904800415039
      ],
      "3d_coords": [
        1.51517653465271,
        -0.33717599511146545,
        0.699999988079071
      ],
      "size": "large",
      "color": "blue",
      "material": "rubber",
      "shape": "cube",
      "rotation": 176.51966945847502
    },
    {
      "pixel_coords": [
        364,
        124,
        11.318663597106934
      ],
      "3d_coords": [
        1.3705382347106934,
        2.320545196533203,
        0.699999988079071
      ],
      "size": "large",
      "color": "green",
      "material": "rubber",
      "shape": "cylinder",
      "rotation": 30.533776180178517
    },
    {
      "pixel_coords": [
        140,
        100,
        12.537720680236816
      ],
      "3d_coords": [
        -2.824730157852173,
        -0.8276287913322449,
        0.699999988079071
      ],
      "size": "large",
      "color": "blue",
      "material": "rubber",
      "shape": "cube",
      "rotation": 225.34206440390238
    }
  ],
  "image_index": 0,
  "image_filename": "CLEVR_new_000000.png"
}