{
  "directions": {
    "above": [
      0.0,
      0.0,
      1.0
    ],
    "left": [
      -0.6563112735748291,
      -0.7544902563095093,
      0.0
    ],
    "right": [
      0.6563112735748291,
      0.7544902563095093,
      -0.0
    ],
    "below": [
      -0.0,
      -0.0,
      -1.0
    ],
    "front": [
      0.754490315914154,
      -0.6563112735748291,
      -0.0
    ],
    "behind": [
      -0.754490315914154,
      0.6563112735748291,
      0.0
    ]
  },
  "relationships": {
    "left": [
      [
        1,
        2,
        3,
        4,
        5,
        6
      ],
      [
        2,
        3,
        4,
        5,
        6
      ],
      [],
      [
        2
      ],
      [
        2,
        3
      ],
      [
        2,
        3,
        4,
        6
      ],
      [
        2,
        3,
        4
      ]
    ],
    "right": [
      [],
      [
        0
      ],
      [
        0,
        1,
        3,
        4,
        5,
        6
      ],
      [
        0,
        1,
        4,
        5,
        6
      ],
      [
        0,
        1,
        5,
        6
      ],
      [
        0,
        1
      ],
      [
        0,
        1,
        5
      ]
    ],
    "front": [
      [
        1,
        2,
        4
      ],
      [],
      [
        1,
        4
      ],
      [
        0,
        1,
        2,
        4,
        6
      ],
      [
        1
      ],
      [
        0,
        1,
        2,
        3,
        4,
        6
      ],
      [
        0,
        1,
        2,
        4
      ]
    ],
    "behind": [
      [
        3,
        5,
        6
      ],
      [
        0,
        2,
        3,
        4,
        5,
        6
      ],
      [
        0,
        3,
        5,
        6
      ],
      [
        5
      ],
      [
        0,
        2,
        3,
        5,
        6
      ],
      [],
      [
        3,
        5
      ]
    ]
  },
  "split": "new",
  "objects": [
    {
      "pixel_coords": [
        340,
        126,
        11.536476135253906
      ],
      "3d_coords": [
        1.2610281705856323,
        1.812658667564392,
        0.699999988079071
      ],
      "size": "large",
      "color": "green",
      "material": "rubber",
      "shape": "sphere",
      "rotation": 45.85823911409667
    },
    {
      "pixel_coords": [
        282,
        202,
        8.809127807617188
      ],
      "3d_coords": [
        2.5418968200683594,
        -1.3641116619110107,
        0.699999988079071
      ],
      "size": "large",
      "color": "red",
      "material": "rubber",
      "shape": "cylinder",
      "rotation": 57.92622229090215
    },
    {
      "pixel_coords": [
        91,
        142,
        10.799213409423828
      ],
      "3d_coords": [
        -1.6744548082351685,
        -2.6266050338745117,
        0.699999988079071
      ],
      "size": "large",
      "color": "green",
      "material": "rubber",
      "shape": "cube",
      "rotation": 338.6003424948175
    },
    {
      "pixel_coords": [
        175,
        91,
        13.451417922973633
      ],
      "3d_coords": [
        -2.9508330821990967,
        0.42903557419776917,
        0.699999988079071
      ],
      "size": "large",
      "color": "blue",
      "material": "rubber",
      "shape": "cube",
      "rotation": 195.61000909474947
    },
    {
      "pixel_coords": [
        200,
        164,
        9.964887619018555
      ],
      "3d_coords": [
        0.5851696729660034,
        -1.5605705976486206,
        0.699999988079071
      ],
      "size": "large",
      "color": "red",
      "material": "rubber",
      "shape": "cube",
      "rotation": 161.06044472287283
    },
    {
      "pixel_coords": [
        243,
        72,
        14.729666709899902
      ],
      "3d_coords": [
        -2.8283157348632812,
        2.7065606117248535,
        0.699999988079071
      ],
      "size": "large",
      "color": "blue",
      "material": "rubber",
      "shape": "sphere",
      "rotation": 300.1599610156985
    },
    {
      "pixel_coords": [
        229,
        111,
        12.25446605682373
      ],
      "3d_coords": [
        -0.9956083297729492,
        0.5547681450843811,
        0.699999988079071
      ],
      "size": "large",
      "color": "green",
      "material": "rubber",
      "shape": "cylinder",
      "rotation": 100.69635663199503
    }
  ],
  "image_index": 82,
  "image_filename": "CLEVR_new_000082.png"
}