{
  "directions": {
    "above": [
      0.0,
      0.0,
      1.0
    ],
    "left": [
      -0.6563112735748291,
      -0.7544902563095093,
      0.0
    ],
    "right": [
      0.6563112735748291,
      0.7544902563095093,
      -0.0
    ],
    "below": [
      -0.0,
      -0.0,
      -1.0
    ],
    "front": [
      0.754490315914154,
      -0.6563112735748291,
      -0.0
    ],
    "behind": [
      -0.754490315914154,
      0.6563112735748291,
      0.0
    ]
  },
  "relationships": {
    "left": [
      [
        3
      ],
      [
        0,
        3,
        4,
        5,
        7
      ],
      [
        0,
        1,
        3,
        4,
        5,
        6,
        7,
        8
      ],
      [],
      [
        0,
        3
      ],
      [
        0,
        3,
        4,
        7
      ],
      [
        0,
        1,
        3,
        4,
        5,
        7,
        8
      ],
      [
        0,
        3,
        4
      ],
      [
        0,
        1,
        3,
        4,
        5,
        7
      ]
    ],
    "right": [
      [
        1,
        2,
        4,
        5,
        6,
        7,
        8
      ],
      [
        2,
        6,
        8
      ],
      [],
      [
        0,
        1,
        2,
        4,
        5,
        6,
        7,
        8
      ],
      [
        1,
        2,
        5,
        6,
        7,
        8
      ],
      [
        1,
        2,
        6,
        8
      ],
      [
        2
      ],
      [
        1,
        2,
        5,
        6,
        8
      ],
      [
        2,
        6
      ]
    ],
    "front": [
      [
        5
      ],
      [
        0,
        2,
        3,
        4,
        5,
        8
      ],
      [
        0,
        5,
        8
      ],
      [
        0,
        2,
        5,
        8
      ],
      [
        0,
        2,
        3,
        5,
        8
      ],
      [],
      [
        0,
        1,
        2,
        3,
        4,
        5,
        8
      ],
      [
        0,
        1,
        2,
        3,
        4,
        5,
        6,
        8
      ],
      [
        0,
        5
      ]
    ],
    "behind": [
      [
        1,
        2,
        3,
        4,
        6,
        7,
        8
      ],
      [
        6,
        7
      ],
      [
        1,
        3,
        4,
        6,
        7
      ],
      [
        1,
        4,
        6,
        7
      ],
      [
        1,
        6,
        7
      ],
      [
        0,
        1,
        2,
        3,
        4,
        6,
        7,
        8
      ],
      [
        7
      ],
      [],
      [
        1,
        2,
        3,
        4,
        6,
        7
      ]
    ]
  },
  "split": "new",
  "objects": [
    {
      "pixel_coords": [
        137,
        174,
        9.092317581176758
      ],
      "3d_coords": [
        0.29876720905303955,
        -2.6498122215270996,
        0.699999988079071
      ],
      "size": "large",
      "color": "green",
      "material": "rubber",
      "shape": "cube",
      "rotation": 122.43196602704563
    },
    {
      "pixel_coords": [
        253,
        104,
        12.256966590881348
      ],
      "3d_coords": [
        -0.963471531867981,
        1.2496055364608765,
        0.699999988079071
      ],
      "size": "large",
      "color": "blue",
      "material": "rubber",
      "shape": "cylinder",
      "rotation": 50.13218076187008
    },
    {
      "pixel_coords": [
        391,
        148,
        10.038158416748047
      ],
      "3d_coords": [
        2.601339817047119,
        1.552403211593628,
        0.699999988079071
      ],
      "size": "large",
      "color": "green",
      "material": "rubber",
      "shape": "sphere",
      "rotation": 341.58871071525897
    },
    {
      "pixel_coords": [
        70,
        136,
        10.555834770202637
      ],
      "3d_coords": [
        -2.0058321952819824,
        -2.7965753078460693,
        0.699999988079071
      ],
      "size": "large",
      "color": "blue",
      "material": "rubber",
      "shape": "cylinder",
      "rotation": 312.06864248033787
    },
    {
      "pixel_coords": [
        184,
        118,
        11.46015453338623
      ],
      "3d_coords": [
        -1.3007538318634033,
        -0.47456270456314087,
        0.699999988079071
      ],
      "size": "large",
      "color": "green",
      "material": "rubber",
      "shape": "cylinder",
      "rotation": 9.537797008426786
    },
    {
      "pixel_coords": [
        224,
        209,
        8.04953384399414
      ],
      "3d_coords": [
        2.1930081844329834,
        -2.25948166847229,
        0.699999988079071
      ],
      "size": "large",
      "color": "blue",
      "material": "rubber",
      "shape": "cylinder",
      "rotation": 96.50738532976068
    },
    {
      "pixel_coords": [
        307,
        90,
        13.168992042541504
      ],
      "3d_coords": [
        -0.8182104229927063,
        2.9502134323120117,
        0.699999988079071
      ],
      "size": "large",
      "color": "blue",
      "material": "rubber",
      "shape": "cylinder",
      "rotation": 136.5535176590997
    },
    {
      "pixel_coords": [
        211,
        85,
        13.524520874023438
      ],
      "3d_coords": [
        -2.7206640243530273,
        1.3931277990341187,
        0.699999988079071
      ],
      "size": "large",
      "color": "blue",
      "material": "rubber",
      "shape": "sphere",
      "rotation": 26.579523438989774
    },
    {
      "pixel_coords": [
        285,
        162,
        9.523853302001953
      ],
      "3d_coords": [
        1.662716031074524,
        -0.3774142563343048,
        0.699999988079071
      ],
      "size": "large",
      "color": "blue",
      "material": "rubber",
      "shape": "cylinder",
      "rotation": 224.51624779928113
    }
  ],
  "image_index": 49,
  "image_filename": "CLEVR_new_000049.png"
}