{
  "directions": {
    "above": [
      0.0,
      0.0,
      1.0
    ],
    "left": [
      -0.6563112735748291,
      -0.7544902563095093,
      0.0
    ],
    "right": [
      0.6563112735748291,
      0.7544902563095093,
      -0.0
    ],
    "below": [
      -0.0,
      -0.0,
      -1.0
    ],
    "front": [
      0.754490315914154,
      -0.6563112735748291,
      -0.0
    ],
    "behind": [
      -0.754490315914154,
      0.6563112735748291,
      0.0
    ]
  },
  "relationships": {
    "left": [
      [
        1,
        5,
        7,
        8
      ],
      [
        8
      ],
      [
        0,
        1,
        4,
        5,
        7,
        8
      ],
      [
        0,
        1,
        2,
        4,
        5,
        6,
        7,
        8
      ],
      [
        0,
        1,
        5,
        7,
        8
      ],
      [
        1,
        8
      ],
      [
        0,
        1,
        2,
        4,
        5,
        7,
        8
      ],
      [
        1,
        5,
        8
      ],
      []
    ],
    "right": [
      [
        2,
        3,
        4,
        6
      ],
      [
        0,
        2,
        3,
        4,
        5,
        6,
        7
      ],
      [
        3,
        6
      ],
      [],
      [
        2,
        3,
        6
      ],
      [
        0,
        2,
        3,
        4,
        6,
        7
      ],
      [
        3
      ],
      [
        0,
        2,
        3,
        4,
        6
      ],
      [
        0,
        1,
        2,
        3,
        4,
        5,
        6,
        7
      ]
    ],
    "front": [
      [
        4,
        6,
        7,
        8
      ],
      [
        0,
        3,
        4,
        6,
        7,
        8
      ],
      [
        0,
        1,
        3,
        4,
        6,
        7,
        8
      ],
      [
        0,
        4,
        6,
        7,
        8
      ],
      [
        7
      ],
      [
        0,
        1,
        2,
        3,
        4,
        6,
        7,
        8
      ],
      [
        4,
        7
      ],
      [],
      [
        4,
        6,
        7
      ]
    ],
    "behind": [
      [
        1,
        2,
        3,
        5
      ],
      [
        2,
        5
      ],
      [
        5
      ],
      [
        1,
        2,
        5
      ],
      [
        0,
        1,
        2,
        3,
        5,
        6,
        8
      ],
      [],
      [
        0,
        1,
        2,
        3,
        5,
        8
      ],
      [
        0,
        1,
        2,
        3,
        4,
        5,
        6,
        8
      ],
      [
        0,
        1,
        2,
        3,
        5
      ]
    ]
  },
  "split": "new",
  "objects": [
    {
      "pixel_coords": [
        259,
        143,
        10.360373497009277
      ],
      "3d_coords": [
        0.6885918378829956,
        -0.08730608224868774,
        0.699999988079071
      ],
      "size": "large",
      "color": "red",
      "material": "rubber",
      "shape": "cylinder",
      "rotation": 201.97170815950682
    },
    {
      "pixel_coords": [
        169,
        109,
        11.82676887512207
      ],
      "3d_coords": [
        -1.8530988693237305,
        -0.5325467586517334,
        0.699999988079071
      ],
      "size": "large",
      "color": "red",
      "material": "rubber",
      "shape": "cube",
      "rotation": 90.66208541373834
    },
    {
      "pixel_coords": [
        312,
        101,
        12.281301498413086
      ],
      "3d_coords": [
        -0.16868679225444794,
        2.32243275642395,
        0.699999988079071
      ],
      "size": "large",
      "color": "blue",
      "material": "rubber",
      "shape": "cylinder",
      "rotation": 211.9257590649387
    },
    {
      "pixel_coords": [
        387,
        121,
        11.288167953491211
      ],
      "3d_coords": [
        1.6417090892791748,
        2.7317299842834473,
        0.699999988079071
      ],
      "size": "large",
      "color": "green",
      "material": "rubber",
      "shape": "cylinder",
      "rotation": 93.64497161963811
    },
    {
      "pixel_coords": [
        287,
        192,
        8.79643726348877
      ],
      "3d_coords": [
        2.3301501274108887,
        -0.9068579077720642,
        0.699999988079071
      ],
      "size": "large",
      "color": "blue",
      "material": "rubber",
      "shape": "cylinder",
      "rotation": 156.8041258770549
    },
    {
      "pixel_coords": [
        212,
        82,
        13.377398490905762
      ],
      "3d_coords": [
        -2.659709930419922,
        1.2739390134811401,
        0.699999988079071
      ],
      "size": "large",
      "color": "green",
      "material": "rubber",
      "shape": "sphere",
      "rotation": 217.60788433723212
    },
    {
      "pixel_coords": [
        389,
        168,
        9.49069881439209
      ],
      "3d_coords": [
        2.933016300201416,
        1.0690191984176636,
        0.699999988079071
      ],
      "size": "large",
      "color": "blue",
      "material": "rubber",
      "shape": "cube",
      "rotation": 40.849278796191314
    },
    {
      "pixel_coords": [
        213,
        243,
        7.600635051727295
      ],
      "3d_coords": [
        2.634579658508301,
        -2.6844735145568848,
        0.699999988079071
      ],
      "size": "large",
      "color": "red",
      "material": "rubber",
      "shape": "cube",
      "rotation": 50.14811549061171
    },
    {
      "pixel_coords": [
        121,
        153,
        10.021171569824219
      ],
      "3d_coords": [
        -0.6996784806251526,
        -2.376776695251465,
        0.699999988079071
      ],
      "size": "large",
      "color": "green",
      "material": "rubber",
      "shape": "cylinder",
      "rotation": 52.250032878499894
    }
  ],
  "image_index": 72,
  "image_filename": "CLEVR_new_000072.png"
}