{
  "directions": {
    "above": [
      0.0,
      0.0,
      1.0
    ],
    "left": [
      -0.6563112735748291,
      -0.7544902563095093,
      0.0
    ],
    "right": [
      0.6563112735748291,
      0.7544902563095093,
      -0.0
    ],
    "below": [
      -0.0,
      -0.0,
      -1.0
    ],
    "front": [
      0.754490315914154,
      -0.6563112735748291,
      -0.0
    ],
    "behind": [
      -0.754490315914154,
      0.6563112735748291,
      0.0
    ]
  },
  "relationships": {
    "left": [
      [
        1,
        3,
        4,
        5,
        6,
        7
      ],
      [
        6
      ],
      [
        0,
        1,
        3,
        4,
        5,
        6,
        7
      ],
      [
        1,
        5,
        6,
        7
      ],
      [
        1,
        3,
        5,
        6,
        7
      ],
      [
        1,
        6
      ],
      [],
      [
        1,
        5,
        6
      ]
    ],
    "right": [
      [
        2
      ],
      [
        0,
        2,
        3,
        4,
        5,
        7
      ],
      [],
      [
        0,
        2,
        4
      ],
      [
        0,
        2
      ],
      [
        0,
        2,
        3,
        4,
        7
      ],
      [
        0,
        1,
        2,
        3,
        4,
        5,
        7
      ],
      [
        0,
        2,
        3,
        4
      ]
    ],
    "front": [
      [
        4,
        7
      ],
      [
        0,
        4,
        7
      ],
      [
        0,
        1,
        4,
        6,
        7
      ],
      [
        0,
        1,
        2,
        4,
        6,
        7
      ],
      [
        7
      ],
      [
        0,
        1,
        2,
        3,
        4,
        6,
        7
      ],
      [
        0,
        1,
        4,
        7
      ],
      []
    ],
    "behind": [
      [
        1,
        2,
        3,
        5,
        6
      ],
      [
        2,
        3,
        5,
        6
      ],
      [
        3,
        5
      ],
      [
        5
      ],
      [
        0,
        1,
        2,
        3,
        5,
        6
      ],
      [],
      [
        2,
        3,
        5
      ],
      [
        0,
        1,
        2,
        3,
        4,
        5,
        6
      ]
    ]
  },
  "split": "new",
  "objects": [
    {
      "pixel_coords": [
        346,
        166,
        9.512343406677246
      ],
      "3d_coords": [
        2.550776958465576,
        0.3793753981590271,
        0.699999988079071
      ],
      "size": "large",
      "color": "red",
      "material": "rubber",
      "shape": "cube",
      "rotation": 259.25909666819035
    },
    {
      "pixel_coords": [
        156,
        146,
        10.315115928649902
      ],
      "3d_coords": [
        -0.43083319067955017,
        -1.7912261486053467,
        0.699999988079071
      ],
      "size": "large",
      "color": "green",
      "material": "rubber",
      "shape": "sphere",
      "rotation": 229.94614844963658
    },
    {
      "pixel_coords": [
        407,
        127,
        11.1891450881958
      ],
      "3d_coords": [
        2.1699893474578857,
        2.8208670616149902,
        0.699999988079071
      ],
      "size": "large",
      "color": "blue",
      "material": "rubber",
      "shape": "sphere",
      "rotation": 8.079952642345019
    },
    {
      "pixel_coords": [
        232,
        116,
        11.774654388427734
      ],
      "3d_coords": [
        -0.721301257610321,
        0.3828095495700836,
        0.699999988079071
      ],
      "size": "large",
      "color": "red",
      "material": "rubber",
      "shape": "sphere",
      "rotation": 174.71908513566896
    },
    {
      "pixel_coords": [
        263,
        187,
        8.807055473327637
      ],
      "3d_coords": [
        2.1591084003448486,
        -1.305870771408081,
        0.699999988079071
      ],
      "size": "large",
      "color": "green",
      "material": "rubber",
      "shape": "cube",
      "rotation": 44.87000156712754
    },
    {
      "pixel_coords": [
        195,
        91,
        13.427630424499512
      ],
      "3d_coords": [
        -2.7524824142456055,
        0.8142948746681213,
        0.699999988079071
      ],
      "size": "large",
      "color": "blue",
      "material": "rubber",
      "shape": "cube",
      "rotation": 98.1774911663905
    },
    {
      "pixel_coords": [
        80,
        136,
        10.760603904724121
      ],
      "3d_coords": [
        -1.857372522354126,
        -2.7236993312835693,
        0.699999988079071
      ],
      "size": "large",
      "color": "blue",
      "material": "rubber",
      "shape": "sphere",
      "rotation": 190.10498671807227
    },
    {
      "pixel_coords": [
        183,
        224,
        7.781189918518066
      ],
      "3d_coords": [
        2.237936496734619,
        -2.983452558517456,
        0.699999988079071
      ],
      "size": "large",
      "color": "blue",
      "material": "rubber",
      "shape": "cylinder",
      "rotation": 103.65224451978189
    }
  ],
  "image_index": 39,
  "image_filename": "CLEVR_new_000039.png"
}