{
  "directions": {
    "above": [
      0.0,
      0.0,
      1.0
    ],
    "left": [
      -0.6563112735748291,
      -0.7544902563095093,
      0.0
    ],
    "right": [
      0.6563112735748291,
      0.7544902563095093,
      -0.0
    ],
    "below": [
      -0.0,
      -0.0,
      -1.0
    ],
    "front": [
      0.754490315914154,
      -0.6563112735748291,
      -0.0
    ],
    "behind": [
      -0.754490315914154,
      0.6563112735748291,
      0.0
    ]
  },
  "relationships": {
    "left": [
      [
        4,
        5
      ],
      [
        0,
        2,
        4,
        5
      ],
      [
        0,
        4,
        5
      ],
      [
        0,
        1,
        2,
        4,
        5
      ],
      [
        5
      ],
      []
    ],
    "right": [
      [
        1,
        2,
        3
      ],
      [
        3
      ],
      [
        1,
        3
      ],
      [],
      [
        0,
        1,
        2,
        3
      ],
      [
        0,
        1,
        2,
        3,
        4
      ]
    ],
    "front": [
      [
        3,
        4
      ],
      [
        0,
        3,
        4
      ],
      [
        0,
        1,
        3,
        4,
        5
      ],
      [
        4
      ],
      [],
      [
        0,
        1,
        3,
        4
      ]
    ],
    "behind": [
      [
        1,
        2,
        5
      ],
      [
        2,
        5
      ],
      [],
      [
        0,
        1,
        2,
        5
      ],
      [
        0,
        1,
        2,
        3,
        5
      ],
      [
        2
      ]
    ]
  },
  "split": "new",
  "objects": [
    {
      "pixel_coords": [
        215,
        125,
        11.782236099243164
      ],
      "3d_coords": [
        -0.6476264595985413,
        -0.17576633393764496,
        0.699999988079071
      ],
      "size": "large",
      "color": "blue",
      "material": "rubber",
      "shape": "cube",
      "rotation": 47.543961403838296
    },
    {
      "pixel_coords": [
        293,
        111,
        12.471565246582031
      ],
      "3d_coords": [
        -0.02586958184838295,
        1.712476134300232,
        0.699999988079071
      ],
      "size": "large",
      "color": "green",
      "material": "rubber",
      "shape": "cylinder",
      "rotation": 83.99875879061068
    },
    {
      "pixel_coords": [
        251,
        79,
        14.431889533996582
      ],
      "3d_coords": [
        -2.3412086963653564,
        2.4661753177642822,
        0.699999988079071
      ],
      "size": "large",
      "color": "red",
      "material": "rubber",
      "shape": "sphere",
      "rotation": 43.54381026694339
    },
    {
      "pixel_coords": [
        424,
        137,
        11.224016189575195
      ],
      "3d_coords": [
        2.811068058013916,
        2.7741174697875977,
        0.699999988079071
      ],
      "size": "large",
      "color": "red",
      "material": "rubber",
      "shape": "cube",
      "rotation": 35.8861584459114
    },
    {
      "pixel_coords": [
        175,
        166,
        10.124591827392578
      ],
      "3d_coords": [
        0.31023460626602173,
        -1.9435021877288818,
        0.699999988079071
      ],
      "size": "large",
      "color": "red",
      "material": "rubber",
      "shape": "sphere",
      "rotation": 346.840000876196
    },
    {
      "pixel_coords": [
        137,
        105,
        12.802239418029785
      ],
      "3d_coords": [
        -2.80358624458313,
        -0.8589034080505371,
        0.699999988079071
      ],
      "size": "large",
      "color": "blue",
      "material": "rubber",
      "shape": "sphere",
      "rotation": 142.82828525688555
    }
  ],
  "image_index": 2,
  "image_filename": "CLEVR_new_000002.png"
}