{
  "directions": {
    "above": [
      0.0,
      0.0,
      1.0
    ],
    "left": [
      -0.6563112735748291,
      -0.7544902563095093,
      0.0
    ],
    "right": [
      0.6563112735748291,
      0.7544902563095093,
      -0.0
    ],
    "below": [
      -0.0,
      -0.0,
      -1.0
    ],
    "front": [
      0.754490315914154,
      -0.6563112735748291,
      -0.0
    ],
    "behind": [
      -0.754490315914154,
      0.6563112735748291,
      0.0
    ]
  },
  "relationships": {
    "left": [
      [
        1,
        2,
        4,
        5,
        6
      ],
      [
        2,
        4
      ],
      [],
      [
        0,
        1,
        2,
        4,
        5,
        6
      ],
      [
        2
      ],
      [
        1,
        2,
        4,
        6
      ],
      [
        1,
        2,
        4
      ],
      [
        0,
        1,
        2,
        3,
        4,
        5,
        6,
        8
      ],
      [
        0,
        1,
        2,
        3,
        4,
        5,
        6
      ]
    ],
    "right": [
      [
        3,
        7,
        8
      ],
      [
        0,
        3,
        5,
        6,
        7,
        8
      ],
      [
        0,
        1,
        3,
        4,
        5,
        6,
        7,
        8
      ],
      [
        7,
        8
      ],
      [
        0,
        1,
        3,
        5,
        6,
        7,
        8
      ],
      [
        0,
        3,
        7,
        8
      ],
      [
        0,
        3,
        5,
        7,
        8
      ],
      [],
      [
        7
      ]
    ],
    "front": [
      [
        1,
        5,
        8
      ],
      [
        5
      ],
      [
        0,
        1,
        5,
        7,
        8
      ],
      [
        0,
        1,
        2,
        5,
        6,
        7,
        8
      ],
      [
        0,
        1,
        2,
        3,
        5,
        6,
        7,
        8
      ],
      [],
      [
        0,
        1,
        2,
        5,
        7,
        8
      ],
      [
        0,
        1,
        5,
        8
      ],
      [
        1,
        5
      ]
    ],
    "behind": [
      [
        2,
        3,
        4,
        6,
        7
      ],
      [
        0,
        2,
        3,
        4,
        6,
        7,
        8
      ],
      [
        3,
        4,
        6
      ],
      [
        4
      ],
      [],
      [
        0,
        1,
        2,
        3,
        4,
        6,
        7,
        8
      ],
      [
        3,
        4
      ],
      [
        2,
        3,
        4,
        6
      ],
      [
        0,
        2,
        3,
        4,
        6,
        7
      ]
    ]
  },
  "split": "new",
  "objects": [
    {
      "pixel_coords": [
        283,
        137,
        10.323295593261719
      ],
      "3d_coords": [
        0.8456219434738159,
        0.38382014632225037,
        0.699999988079071
      ],
      "size": "large",
      "color": "green",
      "material": "rubber",
      "shape": "sphere",
      "rotation": 42.70372856398608
    },
    {
      "pixel_coords": [
        182,
        173,
        8.989584922790527
      ],
      "3d_coords": [
        0.7257805466651917,
        -1.9889284372329712,
        0.699999988079071
      ],
      "size": "large",
      "color": "green",
      "material": "rubber",
      "shape": "sphere",
      "rotation": 148.09501030480834
    },
    {
      "pixel_coords": [
        106,
        119,
        11.121901512145996
      ],
      "3d_coords": [
        -2.291180372238159,
        -1.7588400840759277,
        0.699999988079071
      ],
      "size": "large",
      "color": "red",
      "material": "rubber",
      "shape": "sphere",
      "rotation": 273.78619063659323
    },
    {
      "pixel_coords": [
        316,
        100,
        12.1510591506958
      ],
      "3d_coords": [
        -0.0720432847738266,
        2.4339613914489746,
        0.699999988079071
      ],
      "size": "large",
      "color": "green",
      "material": "rubber",
      "shape": "cube",
      "rotation": 320.5023198009649
    },
    {
      "pixel_coords": [
        179,
        86,
        13.00012493133545
      ],
      "3d_coords": [
        -2.9684581756591797,
        0.6430098414421082,
        0.699999988079071
      ],
      "size": "large",
      "color": "red",
      "material": "rubber",
      "shape": "cube",
      "rotation": 231.03542066926192
    },
    {
      "pixel_coords": [
        258,
        210,
        7.955498218536377
      ],
      "3d_coords": [
        2.4372169971466064,
        -1.8247134685516357,
        0.699999988079071
      ],
      "size": "large",
      "color": "red",
      "material": "rubber",
      "shape": "cylinder",
      "rotation": 72.08291612071693
    },
    {
      "pixel_coords": [
        217,
        108,
        11.69957160949707
      ],
      "3d_coords": [
        -1.211419701576233,
        0.4104019105434418,
        0.699999988079071
      ],
      "size": "large",
      "color": "green",
      "material": "rubber",
      "shape": "cylinder",
      "rotation": 347.8179305662666
    },
    {
      "pixel_coords": [
        418,
        127,
        10.75619888305664
      ],
      "3d_coords": [
        2.3532040119171143,
        2.785100221633911,
        0.699999988079071
      ],
      "size": "large",
      "color": "green",
      "material": "rubber",
      "shape": "cylinder",
      "rotation": 104.60977835456886
    },
    {
      "pixel_coords": [
        388,
        159,
        9.466357231140137
      ],
      "3d_coords": [
        2.771451473236084,
        1.083619475364685,
        0.699999988079071
      ],
      "size": "large",
      "color": "blue",
      "material": "rubber",
      "shape": "sphere",
      "rotation": 158.85111199830865
    }
  ],
  "image_index": 38,
  "image_filename": "CLEVR_new_000038.png"
}