{
  "directions": {
    "above": [
      0.0,
      0.0,
      1.0
    ],
    "left": [
      -0.6563112735748291,
      -0.7544902563095093,
      0.0
    ],
    "right": [
      0.6563112735748291,
      0.7544902563095093,
      -0.0
    ],
    "below": [
      -0.0,
      -0.0,
      -1.0
    ],
    "front": [
      0.754490315914154,
      -0.6563112735748291,
      -0.0
    ],
    "behind": [
      -0.754490315914154,
      0.6563112735748291,
      0.0
    ]
  },
  "relationships": {
    "left": [
      [
        1,
        2,
        6,
        7,
        9
      ],
      [
        6,
        7,
        9
      ],
      [
        1,
        6,
        7,
        9
      ],
      [
        0,
        1,
        2,
        4,
        5,
        6,
        7,
        8,
        9
      ],
      [
        0,
        1,
        2,
        5,
        6,
        7,
        8,
        9
      ],
      [
        0,
        1,
        2,
        6,
        7,
        8,
        9
      ],
      [
        7
      ],
      [],
      [
        0,
        1,
        2,
        6,
        7,
        9
      ],
      [
        6,
        7
      ]
    ],
    "right": [
      [
        3,
        4,
        5,
        8
      ],
      [
        0,
        2,
        3,
        4,
        5,
        8
      ],
      [
        0,
        3,
        4,
        5,
        8
      ],
      [],
      [
        3
      ],
      [
        3,
        4
      ],
      [
        0,
        1,
        2,
        3,
        4,
        5,
        8,
        9
      ],
      [
        0,
        1,
        2,
        3,
        4,
        5,
        6,
        8,
        9
      ],
      [
        3,
        4,
        5
      ],
      [
        0,
        1,
        2,
        3,
        4,
        5,
        8
      ]
    ],
    "front": [
      [
        4,
        8,
        9
      ],
      [
        0,
        4,
        7,
        8,
        9
      ],
      [
        0,
        1,
        3,
        4,
        5,
        6,
        7,
        8,
        9
      ],
      [
        0,
        1,
        4,
        7,
        8,
        9
      ],
      [
        8,
        9
      ],
      [
        0,
        1,
        3,
        4,
        6,
        7,
        8,
        9
      ],
      [
        0,
        1,
        3,
        4,
        7,
        8,
        9
      ],
      [
        0,
        4,
        8,
        9
      ],
      [],
      [
        8
      ]
    ],
    "behind": [
      [
        1,
        2,
        3,
        5,
        6,
        7
      ],
      [
        2,
        3,
        5,
        6
      ],
      [],
      [
        2,
        5,
        6
      ],
      [
        0,
        1,
        2,
        3,
        5,
        6,
        7
      ],
      [
        2
      ],
      [
        2,
        5
      ],
      [
        1,
        2,
        3,
        5,
        6
      ],
      [
        0,
        1,
        2,
        3,
        4,
        5,
        6,
        7,
        9
      ],
      [
        0,
        1,
        2,
        3,
        4,
        5,
        6,
        7
      ]
    ]
  },
  "split": "new",
  "objects": [
    {
      "pixel_coords": [
        246,
        153,
        9.43353271484375
      ],
      "3d_coords": [
        0.8578810095787048,
        -0.5840933322906494,
        0.699999988079071
      ],
      "size": "large",
      "color": "blue",
      "material": "rubber",
      "shape": "cube",
      "rotation": 77.25205862256222
    },
    {
      "pixel_coords": [
        166,
        125,
        10.490659713745117
      ],
      "3d_coords": [
        -1.0867596864700317,
        -1.0279713869094849,
        0.699999988079071
      ],
      "size": "large",
      "color": "blue",
      "material": "rubber",
      "shape": "sphere",
      "rotation": 43.95958943250422
    },
    {
      "pixel_coords": [
        220,
        79,
        12.945652961730957
      ],
      "3d_coords": [
        -2.5617916584014893,
        1.5325478315353394,
        0.699999988079071
      ],
      "size": "large",
      "color": "green",
      "material": "rubber",
      "shape": "cube",
      "rotation": 347.9724974088674
    },
    {
      "pixel_coords": [
        373,
        115,
        10.930904388427734
      ],
      "3d_coords": [
        1.281024694442749,
        2.53981876373291,
        0.699999988079071
      ],
      "size": "large",
      "color": "green",
      "material": "rubber",
      "shape": "cube",
      "rotation": 289.5668411640992
    },
    {
      "pixel_coords": [
        366,
        170,
        8.860677719116211
      ],
      "3d_coords": [
        2.6568984985351562,
        0.5365168452262878,
        0.699999988079071
      ],
      "size": "large",
      "color": "red",
      "material": "rubber",
      "shape": "sphere",
      "rotation": 18.14788770599797
    },
    {
      "pixel_coords": [
        295,
        85,
        12.549057006835938
      ],
      "3d_coords": [
        -1.0490901470184326,
        2.6239311695098877,
        0.699999988079071
      ],
      "size": "large",
      "color": "blue",
      "material": "rubber",
      "shape": "cylinder",
      "rotation": 8.788427035415488
    },
    {
      "pixel_coords": [
        116,
        100,
        11.685500144958496
      ],
      "3d_coords": [
        -2.936124801635742,
        -1.1179862022399902,
        0.699999988079071
      ],
      "size": "large",
      "color": "blue",
      "material": "rubber",
      "shape": "cube",
      "rotation": 115.66546231118856
    },
    {
      "pixel_coords": [
        58,
        140,
        9.872377395629883
      ],
      "3d_coords": [
        -1.8092222213745117,
        -2.9647293090820312,
        0.699999988079071
      ],
      "size": "large",
      "color": "red",
      "material": "rubber",
      "shape": "cylinder",
      "rotation": 131.28128257530258
    },
    {
      "pixel_coords": [
        274,
        225,
        7.451833724975586
      ],
      "3d_coords": [
        2.814070224761963,
        -1.7469209432601929,
        0.699999988079071
      ],
      "size": "large",
      "color": "green",
      "material": "rubber",
      "shape": "sphere",
      "rotation": 261.7974879671127
    },
    {
      "pixel_coords": [
        112,
        184,
        8.443243026733398
      ],
      "3d_coords": [
        0.3124440610408783,
        -2.963747501373291,
        0.699999988079071
      ],
      "size": "large",
      "color": "blue",
      "material": "rubber",
      "shape": "cylinder",
      "rotation": 29.227838561409897
    }
  ],
  "image_index": 96,
  "image_filename": "CLEVR_new_000096.png"
}