{
  "directions": {
    "above": [
      0.0,
      0.0,
      1.0
    ],
    "left": [
      -0.6563112735748291,
      -0.7544902563095093,
      0.0
    ],
    "right": [
      0.6563112735748291,
      0.7544902563095093,
      -0.0
    ],
    "below": [
      -0.0,
      -0.0,
      -1.0
    ],
    "front": [
      0.754490315914154,
      -0.6563112735748291,
      -0.0
    ],
    "behind": [
      -0.754490315914154,
      0.6563112735748291,
      0.0
    ]
  },
  "relationships": {
    "left": [
      [
        3,
        7
      ],
      [
        0,
        2,
        3,
        4,
        5,
        7
      ],
      [
        0,
        3,
        7
      ],
      [
        7
      ],
      [
        0,
        2,
        3,
        7
      ],
      [
        0,
        2,
        3,
        4,
        7
      ],
      [
        0,
        1,
        2,
        3,
        4,
        5,
        7
      ],
      [],
      [
        0,
        1,
        2,
        3,
        4,
        5,
        6,
        7
      ]
    ],
    "right": [
      [
        1,
        2,
        4,
        5,
        6,
        8
      ],
      [
        6,
        8
      ],
      [
        1,
        4,
        5,
        6,
        8
      ],
      [
        0,
        1,
        2,
        4,
        5,
        6,
        8
      ],
      [
        1,
        5,
        6,
        8
      ],
      [
        1,
        6,
        8
      ],
      [
        8
      ],
      [
        0,
        1,
        2,
        3,
        4,
        5,
        6,
        8
      ],
      []
    ],
    "front": [
      [
        1,
        2,
        3,
        5,
        8
      ],
      [
        2
      ],
      [],
      [
        1,
        2
      ],
      [
        0,
        1,
        2,
        3,
        5,
        6,
        7,
        8
      ],
      [
        1,
        2,
        3,
        8
      ],
      [
        0,
        1,
        2,
        3,
        5,
        7,
        8
      ],
      [
        0,
        1,
        2,
        3,
        5,
        8
      ],
      [
        1,
        2,
        3
      ]
    ],
    "behind": [
      [
        4,
        6,
        7
      ],
      [
        0,
        3,
        4,
        5,
        6,
        7,
        8
      ],
      [
        0,
        1,
        3,
        4,
        5,
        6,
        7,
        8
      ],
      [
        0,
        4,
        5,
        6,
        7,
        8
      ],
      [],
      [
        0,
        4,
        6,
        7
      ],
      [
        4
      ],
      [
        4,
        6
      ],
      [
        0,
        4,
        5,
        6,
        7
      ]
    ]
  },
  "split": "new",
  "objects": [
    {
      "pixel_coords": [
        191,
        118,
        11.237244606018066
      ],
      "3d_coords": [
        -1.139769196510315,
        -0.3873305320739746,
        0.699999988079071
      ],
      "size": "large",
      "color": "red",
      "material": "rubber",
      "shape": "cylinder",
      "rotation": 38.28323061789894
    },
    {
      "pixel_coords": [
        357,
        176,
        9.189557075500488
      ],
      "3d_coords": [
        2.6942012310028076,
        0.3503110706806183,
        0.699999988079071
      ],
      "size": "large",
      "color": "red",
      "material": "rubber",
      "shape": "sphere",
      "rotation": 191.9957648901437
    },
    {
      "pixel_coords": [
        212,
        227,
        7.945102214813232
      ],
      "3d_coords": [
        2.1198818683624268,
        -2.4540493488311768,
        0.699999988079071
      ],
      "size": "large",
      "color": "green",
      "material": "rubber",
      "shape": "cube",
      "rotation": 190.138185694459
    },
    {
      "pixel_coords": [
        147,
        163,
        9.582975387573242
      ],
      "3d_coords": [
        -0.14038974046707153,
        -2.1409761905670166,
        0.699999988079071
      ],
      "size": "large",
      "color": "blue",
      "material": "rubber",
      "shape": "cube",
      "rotation": 188.54907340381425
    },
    {
      "pixel_coords": [
        238,
        86,
        12.801575660705566
      ],
      "3d_coords": [
        -1.8211369514465332,
        1.566272258758545,
        0.699999988079071
      ],
      "size": "large",
      "color": "red",
      "material": "rubber",
      "shape": "cylinder",
      "rotation": 15.120508237794343
    },
    {
      "pixel_coords": [
        317,
        129,
        10.781759262084961
      ],
      "3d_coords": [
        1.0014853477478027,
        1.2196879386901855,
        0.699999988079071
      ],
      "size": "large",
      "color": "red",
      "material": "rubber",
      "shape": "cube",
      "rotation": 321.17125758398714
    },
    {
      "pixel_coords": [
        347,
        99,
        12.122973442077637
      ],
      "3d_coords": [
        0.43362927436828613,
        2.9129409790039062,
        0.699999988079071
      ],
      "size": "large",
      "color": "green",
      "material": "rubber",
      "shape": "sphere",
      "rotation": 110.6674009516384
    },
    {
      "pixel_coords": [
        99,
        108,
        11.676993370056152
      ],
      "3d_coords": [
        -2.909971237182617,
        -1.6061283349990845,
        0.699999988079071
      ],
      "size": "large",
      "color": "green",
      "material": "rubber",
      "shape": "sphere",
      "rotation": 304.6035485674122
    },
    {
      "pixel_coords": [
        418,
        146,
        10.14786434173584
      ],
      "3d_coords": [
        2.7951228618621826,
        2.127570390701294,
        0.699999988079071
      ],
      "size": "large",
      "color": "red",
      "material": "rubber",
      "shape": "cylinder",
      "rotation": 240.15610801347165
    }
  ],
  "image_index": 4,
  "image_filename": "CLEVR_new_000004.png"
}