{
  "directions": {
    "above": [
      0.0,
      0.0,
      1.0
    ],
    "left": [
      -0.6563112735748291,
      -0.7544902563095093,
      0.0
    ],
    "right": [
      0.6563112735748291,
      0.7544902563095093,
      -0.0
    ],
    "below": [
      -0.0,
      -0.0,
      -1.0
    ],
    "front": [
      0.754490315914154,
      -0.6563112735748291,
      -0.0
    ],
    "behind": [
      -0.754490315914154,
      0.6563112735748291,
      0.0
    ]
  },
  "relationships": {
    "left": [
      [
        1,
        2,
        4,
        5,
        6
      ],
      [
        5,
        6
      ],
      [
        1,
        4,
        5,
        6
      ],
      [
        0,
        1,
        2,
        4,
        5,
        6
      ],
      [
        1,
        5,
        6
      ],
      [
        6
      ],
      []
    ],
    "right": [
      [
        3
      ],
      [
        0,
        2,
        3,
        4
      ],
      [
        0,
        3
      ],
      [],
      [
        0,
        2,
        3
      ],
      [
        0,
        1,
        2,
        3,
        4
      ],
      [
        0,
        1,
        2,
        3,
        4,
        5
      ]
    ],
    "front": [
      [],
      [
        0,
        4,
        6
      ],
      [
        0,
        1,
        4,
        6
      ],
      [
        0,
        1,
        2,
        4,
        6
      ],
      [
        0
      ],
      [
        0,
        1,
        2,
        3,
        4,
        6
      ],
      [
        0,
        4
      ]
    ],
    "behind": [
      [
        1,
        2,
        3,
        4,
        5,
        6
      ],
      [
        2,
        3,
        5
      ],
      [
        3,
        5
      ],
      [
        5
      ],
      [
        1,
        2,
        3,
        5,
        6
      ],
      [],
      [
        1,
        2,
        3,
        5
      ]
    ]
  },
  "split": "new",
  "objects": [
    {
      "pixel_coords": [
        281,
        208,
        8.19592571258545
      ],
      "3d_coords": [
        2.7247631549835205,
        -1.4806175231933594,
        0.699999988079071
      ],
      "size": "large",
      "color": "blue",
      "material": "rubber",
      "shape": "cylinder",
      "rotation": 299.1264040259393
    },
    {
      "pixel_coords": [
        172,
        126,
        11.097639083862305
      ],
      "3d_coords": [
        -1.0964620113372803,
        -0.9450074434280396,
        0.699999988079071
      ],
      "size": "large",
      "color": "blue",
      "material": "rubber",
      "shape": "sphere",
      "rotation": 224.4828477345517
    },
    {
      "pixel_coords": [
        247,
        116,
        11.601612091064453
      ],
      "3d_coords": [
        -0.4988769292831421,
        0.6266811490058899,
        0.699999988079071
      ],
      "size": "large",
      "color": "red",
      "material": "rubber",
      "shape": "cylinder",
      "rotation": 328.37552656445774
    },
    {
      "pixel_coords": [
        357,
        106,
        12.130756378173828
      ],
      "3d_coords": [
        0.7034556269645691,
        2.9508657455444336,
        0.699999988079071
      ],
      "size": "large",
      "color": "green",
      "material": "rubber",
      "shape": "sphere",
      "rotation": 212.63863242742465
    },
    {
      "pixel_coords": [
        208,
        157,
        9.797861099243164
      ],
      "3d_coords": [
        0.5553857088088989,
        -1.255048155784607,
        0.699999988079071
      ],
      "size": "large",
      "color": "red",
      "material": "rubber",
      "shape": "cube",
      "rotation": 221.94246646021097
    },
    {
      "pixel_coords": [
        156,
        98,
        12.590021133422852
      ],
      "3d_coords": [
        -2.752566337585449,
        -0.3070499002933502,
        0.699999988079071
      ],
      "size": "large",
      "color": "blue",
      "material": "rubber",
      "shape": "sphere",
      "rotation": 15.539430128979156
    },
    {
      "pixel_coords": [
        67,
        136,
        10.615269660949707
      ],
      "3d_coords": [
        -2.024113893508911,
        -2.866316080093384,
        0.699999988079071
      ],
      "size": "large",
      "color": "red",
      "material": "rubber",
      "shape": "sphere",
      "rotation": 133.85675526357454
    }
  ],
  "image_index": 83,
  "image_filename": "CLEVR_new_000083.png"
}