{
  "directions": {
    "above": [
      0.0,
      0.0,
      1.0
    ],
    "left": [
      -0.6563112735748291,
      -0.7544902563095093,
      0.0
    ],
    "right": [
      0.6563112735748291,
      0.7544902563095093,
      -0.0
    ],
    "below": [
      -0.0,
      -0.0,
      -1.0
    ],
    "front": [
      0.754490315914154,
      -0.6563112735748291,
      -0.0
    ],
    "behind": [
      -0.754490315914154,
      0.6563112735748291,
      0.0
    ]
  },
  "relationships": {
    "left": [
      [
        1,
        2,
        3,
        4,
        5,
        7
      ],
      [],
      [
        1,
        4,
        5
      ],
      [
        1,
        2,
        4,
        5,
        7
      ],
      [
        1
      ],
      [
        1,
        4
      ],
      [
        0,
        1,
        2,
        3,
        4,
        5,
        7
      ],
      [
        1,
        2,
        4,
        5
      ]
    ],
    "right": [
      [
        6
      ],
      [
        0,
        2,
        3,
        4,
        5,
        6,
        7
      ],
      [
        0,
        3,
        6,
        7
      ],
      [
        0,
        6
      ],
      [
        0,
        2,
        3,
        5,
        6,
        7
      ],
      [
        0,
        2,
        3,
        6,
        7
      ],
      [],
      [
        0,
        3,
        6
      ]
    ],
    "front": [
      [
        1,
        3,
        4,
        6,
        7
      ],
      [
        3,
        4,
        6,
        7
      ],
      [
        0,
        1,
        3,
        4,
        5,
        6,
        7
      ],
      [
        4,
        6,
        7
      ],
      [
        7
      ],
      [
        0,
        1,
        3,
        4,
        6,
        7
      ],
      [
        4,
        7
      ],
      []
    ],
    "behind": [
      [
        2,
        5
      ],
      [
        0,
        2,
        5
      ],
      [],
      [
        0,
        1,
        2,
        5
      ],
      [
        0,
        1,
        2,
        3,
        5,
        6
      ],
      [
        2
      ],
      [
        0,
        1,
        2,
        3,
        5
      ],
      [
        0,
        1,
        2,
        3,
        4,
        5,
        6
      ]
    ]
  },
  "split": "new",
  "objects": [
    {
      "pixel_coords": [
        307,
        103,
        12.076995849609375
      ],
      "3d_coords": [
        -0.22135287523269653,
        2.127389669418335,
        0.699999988079071
      ],
      "size": "large",
      "color": "green",
      "material": "rubber",
      "shape": "cylinder",
      "rotation": 18.79133714007714
    },
    {
      "pixel_coords": [
        129,
        118,
        11.315710067749023
      ],
      "3d_coords": [
        -1.9830424785614014,
        -1.494467854499817,
        0.699999988079071
      ],
      "size": "large",
      "color": "green",
      "material": "rubber",
      "shape": "sphere",
      "rotation": 322.5473957979279
    },
    {
      "pixel_coords": [
        247,
        69,
        14.245186805725098
      ],
      "3d_coords": [
        -2.974585771560669,
        2.59498929977417,
        0.699999988079071
      ],
      "size": "large",
      "color": "blue",
      "material": "rubber",
      "shape": "cylinder",
      "rotation": 163.1783073092851
    },
    {
      "pixel_coords": [
        291,
        136,
        10.495728492736816
      ],
      "3d_coords": [
        0.8608735203742981,
        0.6132152080535889,
        0.699999988079071
      ],
      "size": "large",
      "color": "green",
      "material": "rubber",
      "shape": "cylinder",
      "rotation": 174.60359618096481
    },
    {
      "pixel_coords": [
        146,
        170,
        9.247931480407715
      ],
      "3d_coords": [
        0.3116394877433777,
        -2.359943151473999,
        0.699999988079071
      ],
      "size": "large",
      "color": "blue",
      "material": "rubber",
      "shape": "cube",
      "rotation": 220.65270503948506
    },
    {
      "pixel_coords": [
        206,
        86,
        13.087957382202148
      ],
      "3d_coords": [
        -2.585669755935669,
        0.9760196805000305,
        0.699999988079071
      ],
      "size": "large",
      "color": "red",
      "material": "rubber",
      "shape": "cylinder",
      "rotation": 289.63598216092026
    },
    {
      "pixel_coords": [
        373,
        153,
        9.823281288146973
      ],
      "3d_coords": [
        2.3716695308685303,
        1.3006818294525146,
        0.699999988079071
      ],
      "size": "large",
      "color": "green",
      "material": "rubber",
      "shape": "cylinder",
      "rotation": 99.96753226167569
    },
    {
      "pixel_coords": [
        268,
        221,
        7.852034568786621
      ],
      "3d_coords": [
        2.8349266052246094,
        -1.7095847129821777,
        0.699999988079071
      ],
      "size": "large",
      "color": "green",
      "material": "rubber",
      "shape": "sphere",
      "rotation": 143.01585073681076
    }
  ],
  "image_index": 28,
  "image_filename": "CLEVR_new_000028.png"
}