{
  "directions": {
    "above": [
      0.0,
      0.0,
      1.0
    ],
    "left": [
      -0.6563112735748291,
      -0.7544902563095093,
      0.0
    ],
    "right": [
      0.6563112735748291,
      0.7544902563095093,
      -0.0
    ],
    "below": [
      -0.0,
      -0.0,
      -1.0
    ],
    "front": [
      0.754490315914154,
      -0.6563112735748291,
      -0.0
    ],
    "behind": [
      -0.754490315914154,
      0.6563112735748291,
      0.0
    ]
  },
  "relationships": {
    "left": [
      [
        3,
        4,
        5,
        6,
        7
      ],
      [
        0,
        3,
        4,
        5,
        6,
        7
      ],
      [
        0,
        1,
        3,
        4,
        5,
        6,
        7
      ],
      [
        4,
        5,
        6,
        7
      ],
      [],
      [
        4,
        6,
        7
      ],
      [
        4,
        7
      ],
      [
        4
      ]
    ],
    "right": [
      [
        1,
        2
      ],
      [
        2
      ],
      [],
      [
        0,
        1,
        2
      ],
      [
        0,
        1,
        2,
        3,
        5,
        6,
        7
      ],
      [
        0,
        1,
        2,
        3
      ],
      [
        0,
        1,
        2,
        3,
        5
      ],
      [
        0,
        1,
        2,
        3,
        5,
        6
      ]
    ],
    "front": [
      [
        1,
        2,
        3,
        5,
        7
      ],
      [
        3
      ],
      [
        1,
        3,
        5,
        7
      ],
      [],
      [
        0,
        1,
        2,
        3,
        5,
        7
      ],
      [
        1,
        3,
        7
      ],
      [
        0,
        1,
        2,
        3,
        4,
        5,
        7
      ],
      [
        1,
        3
      ]
    ],
    "behind": [
      [
        4,
        6
      ],
      [
        0,
        2,
        4,
        5,
        6,
        7
      ],
      [
        0,
        4,
        6
      ],
      [
        0,
        1,
        2,
        4,
        5,
        6,
        7
      ],
      [
        6
      ],
      [
        0,
        2,
        4,
        6
      ],
      [],
      [
        0,
        2,
        4,
        5,
        6
      ]
    ]
  },
  "split": "new",
  "objects": [
    {
      "pixel_coords": [
        273,
        116,
        11.21483039855957
      ],
      "3d_coords": [
        -0.05980578064918518,
        0.9827532768249512,
        0.699999988079071
      ],
      "size": "large",
      "color": "green",
      "material": "rubber",
      "shape": "cylinder",
      "rotation": 274.0534468415978
    },
    {
      "pixel_coords": [
        326,
        194,
        8.574568748474121
      ],
      "3d_coords": [
        2.7108914852142334,
        -0.43818625807762146,
        0.699999988079071
      ],
      "size": "large",
      "color": "blue",
      "material": "rubber",
      "shape": "cube",
      "rotation": 269.7460019813073
    },
    {
      "pixel_coords": [
        354,
        131,
        10.582672119140625
      ],
      "3d_coords": [
        1.5196293592453003,
        1.7295280694961548,
        0.699999988079071
      ],
      "size": "large",
      "color": "green",
      "material": "rubber",
      "shape": "sphere",
      "rotation": 343.9607637503785
    },
    {
      "pixel_coords": [
        230,
        219,
        7.958924770355225
      ],
      "3d_coords": [
        2.2416739463806152,
        -2.0929136276245117,
        0.699999988079071
      ],
      "size": "large",
      "color": "red",
      "material": "rubber",
      "shape": "sphere",
      "rotation": 63.464116447708776
    },
    {
      "pixel_coords": [
        113,
        107,
        11.635165214538574
      ],
      "3d_coords": [
        -2.7093770503997803,
        -1.4116278886795044,
        0.699999988079071
      ],
      "size": "large",
      "color": "red",
      "material": "rubber",
      "shape": "sphere",
      "rotation": 357.9591436361672
    },
    {
      "pixel_coords": [
        205,
        141,
        10.195109367370605
      ],
      "3d_coords": [
        -0.060441628098487854,
        -0.8365873098373413,
        0.699999988079071
      ],
      "size": "large",
      "color": "green",
      "material": "rubber",
      "shape": "sphere",
      "rotation": 330.99759763368525
    },
    {
      "pixel_coords": [
        199,
        78,
        13.154520034790039
      ],
      "3d_coords": [
        -2.8883633613586426,
        1.0856249332427979,
        0.699999988079071
      ],
      "size": "large",
      "color": "green",
      "material": "rubber",
      "shape": "sphere",
      "rotation": 253.10051390512962
    },
    {
      "pixel_coords": [
        129,
        171,
        9.20997142791748
      ],
      "3d_coords": [
        -0.011176387779414654,
        -2.5350377559661865,
        0.699999988079071
      ],
      "size": "large",
      "color": "blue",
      "material": "rubber",
      "shape": "cylinder",
      "rotation": 44.468924817722794
    }
  ],
  "image_index": 54,
  "image_filename": "CLEVR_new_000054.png"
}