{
  "directions": {
    "above": [
      0.0,
      0.0,
      1.0
    ],
    "left": [
      -0.6563112735748291,
      -0.7544902563095093,
      0.0
    ],
    "right": [
      0.6563112735748291,
      0.7544902563095093,
      -0.0
    ],
    "below": [
      -0.0,
      -0.0,
      -1.0
    ],
    "front": [
      0.754490315914154,
      -0.6563112735748291,
      -0.0
    ],
    "behind": [
      -0.754490315914154,
      0.6563112735748291,
      0.0
    ]
  },
  "relationships": {
    "left": [
      [
        1,
        3,
        4
      ],
      [
        4
      ],
      [
        0,
        1,
        3,
        4,
        5,
        6,
        7
      ],
      [
        1,
        4
      ],
      [],
      [
        0,
        1,
        3,
        4,
        6
      ],
      [
        0,
        1,
        3,
        4
      ],
      [
        0,
        1,
        3,
        4,
        5,
        6
      ]
    ],
    "right": [
      [
        2,
        5,
        6,
        7
      ],
      [
        0,
        2,
        3,
        5,
        6,
        7
      ],
      [],
      [
        0,
        2,
        5,
        6,
        7
      ],
      [
        0,
        1,
        2,
        3,
        5,
        6,
        7
      ],
      [
        2,
        7
      ],
      [
        2,
        5,
        7
      ],
      [
        2
      ]
    ],
    "front": [
      [],
      [
        0,
        5
      ],
      [
        0,
        1,
        5
      ],
      [
        0,
        1,
        2,
        4,
        5,
        6,
        7
      ],
      [
        0,
        1,
        2,
        5,
        6
      ],
      [
        0
      ],
      [
        0,
        1,
        2,
        5
      ],
      [
        0,
        1,
        2,
        4,
        5,
        6
      ]
    ],
    "behind": [
      [
        1,
        2,
        3,
        4,
        5,
        6,
        7
      ],
      [
        2,
        3,
        4,
        6,
        7
      ],
      [
        3,
        4,
        6,
        7
      ],
      [],
      [
        3,
        7
      ],
      [
        1,
        2,
        3,
        4,
        6,
        7
      ],
      [
        3,
        4,
        7
      ],
      [
        3
      ]
    ]
  },
  "split": "new",
  "objects": [
    {
      "pixel_coords": [
        206,
        211,
        8.131192207336426
      ],
      "3d_coords": [
        1.990235686302185,
        -2.290677309036255,
        0.699999988079071
      ],
      "size": "large",
      "color": "blue",
      "material": "rubber",
      "shape": "cube",
      "rotation": 350.7637258327439
    },
    {
      "pixel_coords": [
        126,
        155,
        9.76849365234375
      ],
      "3d_coords": [
        -0.4627397656440735,
        -2.369549036026001,
        0.699999988079071
      ],
      "size": "large",
      "color": "red",
      "material": "rubber",
      "shape": "sphere",
      "rotation": 206.64993632597424
    },
    {
      "pixel_coords": [
        367,
        142,
        10.26961898803711
      ],
      "3d_coords": [
        2.0048980712890625,
        1.5646231174468994,
        0.699999988079071
      ],
      "size": "large",
      "color": "red",
      "material": "rubber",
      "shape": "cube",
      "rotation": 73.18878935081645
    },
    {
      "pixel_coords": [
        190,
        92,
        12.729443550109863
      ],
      "3d_coords": [
        -2.4784677028656006,
        0.46454688906669617,
        0.699999988079071
      ],
      "size": "large",
      "color": "red",
      "material": "rubber",
      "shape": "cube",
      "rotation": 47.728411503521144
    },
    {
      "pixel_coords": [
        85,
        115,
        11.439783096313477
      ],
      "3d_coords": [
        -2.7128617763519287,
        -2.137944221496582,
        0.699999988079071
      ],
      "size": "large",
      "color": "red",
      "material": "rubber",
      "shape": "cylinder",
      "rotation": 131.0196041389477
    },
    {
      "pixel_coords": [
        313,
        195,
        8.547165870666504
      ],
      "3d_coords": [
        2.706027030944824,
        -0.6638910174369812,
        0.699999988079071
      ],
      "size": "large",
      "color": "blue",
      "material": "rubber",
      "shape": "cube",
      "rotation": 8.483943643291884
    },
    {
      "pixel_coords": [
        244,
        128,
        10.835453033447266
      ],
      "3d_coords": [
        0.0009424745221622288,
        0.11531969159841537,
        0.699999988079071
      ],
      "size": "large",
      "color": "red",
      "material": "rubber",
      "shape": "cube",
      "rotation": 78.64285464993519
    },
    {
      "pixel_coords": [
        317,
        106,
        11.924928665161133
      ],
      "3d_coords": [
        0.09514076262712479,
        2.186166286468506,
        0.699999988079071
      ],
      "size": "large",
      "color": "red",
      "material": "rubber",
      "shape": "cube",
      "rotation": 184.89974672980566
    }
  ],
  "image_index": 73,
  "image_filename": "CLEVR_new_000073.png"
}