{
  "directions": {
    "above": [
      0.0,
      0.0,
      1.0
    ],
    "left": [
      -0.6563112735748291,
      -0.7544902563095093,
      0.0
    ],
    "right": [
      0.6563112735748291,
      0.7544902563095093,
      -0.0
    ],
    "below": [
      -0.0,
      -0.0,
      -1.0
    ],
    "front": [
      0.754490315914154,
      -0.6563112735748291,
      -0.0
    ],
    "behind": [
      -0.754490315914154,
      0.6563112735748291,
      0.0
    ]
  },
  "relationships": {
    "left": [
      [
        1,
        2,
        3,
        4,
        5,
        6,
        7
      ],
      [
        5,
        6,
        7
      ],
      [
        1,
        5,
        6,
        7
      ],
      [
        1,
        2,
        4,
        5,
        6,
        7
      ],
      [
        1,
        2,
        5,
        6,
        7
      ],
      [
        6
      ],
      [],
      [
        5,
        6
      ]
    ],
    "right": [
      [],
      [
        0,
        2,
        3,
        4
      ],
      [
        0,
        3,
        4
      ],
      [
        0
      ],
      [
        0,
        3
      ],
      [
        0,
        1,
        2,
        3,
        4,
        7
      ],
      [
        0,
        1,
        2,
        3,
        4,
        5,
        7
      ],
      [
        0,
        1,
        2,
        3,
        4
      ]
    ],
    "front": [
      [
        1,
        4,
        5
      ],
      [],
      [
        0,
        1,
        3,
        4,
        5,
        6,
        7
      ],
      [
        0,
        1,
        4,
        5,
        6
      ],
      [
        1
      ],
      [
        1,
        4
      ],
      [
        0,
        1,
        4,
        5
      ],
      [
        0,
        1,
        3,
        4,
        5,
        6
      ]
    ],
    "behind": [
      [
        2,
        3,
        6,
        7
      ],
      [
        0,
        2,
        3,
        4,
        5,
        6,
        7
      ],
      [],
      [
        2,
        7
      ],
      [
        0,
        2,
        3,
        5,
        6,
        7
      ],
      [
        0,
        2,
        3,
        6,
        7
      ],
      [
        2,
        3,
        7
      ],
      [
        2
      ]
    ]
  },
  "split": "new",
  "objects": [
    {
      "pixel_coords": [
        410,
        144,
        10.436701774597168
      ],
      "3d_coords": [
        2.812502861022949,
        2.020580768585205,
        0.699999988079071
      ],
      "size": "large",
      "color": "green",
      "material": "rubber",
      "shape": "cube",
      "rotation": 261.07838704338235
    },
    {
      "pixel_coords": [
        189,
        199,
        8.456445693969727
      ],
      "3d_coords": [
        1.6489472389221191,
        -2.5781264305114746,
        0.699999988079071
      ],
      "size": "large",
      "color": "blue",
      "material": "rubber",
      "shape": "cube",
      "rotation": 192.93818727640652
    },
    {
      "pixel_coords": [
        247,
        93,
        13.380319595336914
      ],
      "3d_coords": [
        -1.754573941230774,
        1.7855477333068848,
        0.699999988079071
      ],
      "size": "large",
      "color": "green",
      "material": "rubber",
      "shape": "sphere",
      "rotation": 223.4396661258779
    },
    {
      "pixel_coords": [
        310,
        117,
        11.852527618408203
      ],
      "3d_coords": [
        0.4472980797290802,
        1.7182866334915161,
        0.699999988079071
      ],
      "size": "large",
      "color": "red",
      "material": "rubber",
      "shape": "sphere",
      "rotation": 237.9067423248302
    },
    {
      "pixel_coords": [
        287,
        171,
        9.358190536499023
      ],
      "3d_coords": [
        2.0082387924194336,
        -0.6755486130714417,
        0.699999988079071
      ],
      "size": "large",
      "color": "blue",
      "material": "rubber",
      "shape": "sphere",
      "rotation": 41.527847832963545
    },
    {
      "pixel_coords": [
        118,
        162,
        9.688302993774414
      ],
      "3d_coords": [
        -0.3167766034603119,
        -2.7376577854156494,
        0.699999988079071
      ],
      "size": "large",
      "color": "red",
      "material": "rubber",
      "shape": "cube",
      "rotation": 191.05056650403577
    },
    {
      "pixel_coords": [
        106,
        124,
        11.443034172058105
      ],
      "3d_coords": [
        -2.2013535499572754,
        -1.936812400817871,
        0.699999988079071
      ],
      "size": "large",
      "color": "red",
      "material": "rubber",
      "shape": "cube",
      "rotation": 168.36606363584863
    },
    {
      "pixel_coords": [
        182,
        111,
        12.1942138671875
      ],
      "3d_coords": [
        -1.7856956720352173,
        -0.22124388813972473,
        0.699999988079071
      ],
      "size": "large",
      "color": "green",
      "material": "rubber",
      "shape": "cube",
      "rotation": 322.28274815072643
    }
  ],
  "image_index": 77,
  "image_filename": "CLEVR_new_000077.png"
}