{
  "directions": {
    "above": [
      0.0,
      0.0,
      1.0
    ],
    "left": [
      -0.6563112735748291,
      -0.7544902563095093,
      0.0
    ],
    "right": [
      0.6563112735748291,
      0.7544902563095093,
      -0.0
    ],
    "below": [
      -0.0,
      -0.0,
      -1.0
    ],
    "front": [
      0.754490315914154,
      -0.6563112735748291,
      -0.0
    ],
    "behind": [
      -0.754490315914154,
      0.6563112735748291,
      0.0
    ]
  },
  "relationships": {
    "left": [
      [
        1,
        2,
        3,
        4,
        5,
        6,
        7
      ],
      [
        2,
        4,
        6
      ],
      [
        4
      ],
      [
        1,
        2,
        4,
        6
      ],
      [],
      [
        1,
        2,
        3,
        4,
        6
      ],
      [
        2,
        4
      ],
      [
        1,
        2,
        3,
        4,
        5,
        6
      ]
    ],
    "right": [
      [],
      [
        0,
        3,
        5,
        7
      ],
      [
        0,
        1,
        3,
        5,
        6,
        7
      ],
      [
        0,
        5,
        7
      ],
      [
        0,
        1,
        2,
        3,
        5,
        6,
        7
      ],
      [
        0,
        7
      ],
      [
        0,
        1,
        3,
        5,
        7
      ],
      [
        0
      ]
    ],
    "front": [
      [
        2,
        5
      ],
      [
        0,
        2,
        3,
        4,
        5
      ],
      [],
      [
        0,
        2,
        5
      ],
      [
        0,
        2,
        3,
        5
      ],
      [
        2
      ],
      [
        0,
        1,
        2,
        3,
        4,
        5,
        7
      ],
      [
        0,
        1,
        2,
        3,
        4,
        5
      ]
    ],
    "behind": [
      [
        1,
        3,
        4,
        6,
        7
      ],
      [
        6,
        7
      ],
      [
        0,
        1,
        3,
        4,
        5,
        6,
        7
      ],
      [
        1,
        4,
        6,
        7
      ],
      [
        1,
        6,
        7
      ],
      [
        0,
        1,
        3,
        4,
        6,
        7
      ],
      [],
      [
        6
      ]
    ]
  },
  "split": "new",
  "objects": [
    {
      "pixel_coords": [
        427,
        143,
        10.346199035644531
      ],
      "3d_coords": [
        2.9247663021087646,
        2.3208372592926025,
        0.699999988079071
      ],
      "size": "large",
      "color": "green",
      "material": "rubber",
      "shape": "cube",
      "rotation": 60.19048374011192
    },
    {
      "pixel_coords": [
        228,
        108,
        11.9245023727417
      ],
      "3d_coords": [
        -1.0608760118484497,
        0.6000443696975708,
        0.699999988079071
      ],
      "size": "large",
      "color": "green",
      "material": "rubber",
      "shape": "sphere",
      "rotation": 128.06388506497422
    },
    {
      "pixel_coords": [
        152,
        202,
        8.435441970825195
      ],
      "3d_coords": [
        1.0910544395446777,
        -2.907273054122925,
        0.699999988079071
      ],
      "size": "large",
      "color": "green",
      "material": "rubber",
      "shape": "sphere",
      "rotation": 80.58458114198343
    },
    {
      "pixel_coords": [
        283,
        131,
        10.838000297546387
      ],
      "3d_coords": [
        0.628449022769928,
        0.6269339323043823,
        0.699999988079071
      ],
      "size": "large",
      "color": "red",
      "material": "rubber",
      "shape": "sphere",
      "rotation": 294.6244864532088
    },
    {
      "pixel_coords": [
        78,
        118,
        11.436552047729492
      ],
      "3d_coords": [
        -2.852163553237915,
        -2.1877081394195557,
        0.699999988079071
      ],
      "size": "large",
      "color": "blue",
      "material": "rubber",
      "shape": "cube",
      "rotation": 70.47294724670104
    },
    {
      "pixel_coords": [
        334,
        170,
        9.380707740783691
      ],
      "3d_coords": [
        2.381626605987549,
        0.10010403394699097,
        0.699999988079071
      ],
      "size": "large",
      "color": "red",
      "material": "rubber",
      "shape": "cylinder",
      "rotation": 106.73744129952358
    },
    {
      "pixel_coords": [
        211,
        82,
        13.4523286819458
      ],
      "3d_coords": [
        -2.664647340774536,
        1.409590721130371,
        0.699999988079071
      ],
      "size": "large",
      "color": "blue",
      "material": "rubber",
      "shape": "cube",
      "rotation": 141.81127414201526
    },
    {
      "pixel_coords": [
        336,
        98,
        12.494422912597656
      ],
      "3d_coords": [
        0.18424871563911438,
        2.926028251647949,
        0.699999988079071
      ],
      "size": "large",
      "color": "red",
      "material": "rubber",
      "shape": "cylinder",
      "rotation": 39.677206088310434
    }
  ],
  "image_index": 3,
  "image_filename": "CLEVR_new_000003.png"
}