{
  "directions": {
    "above": [
      0.0,
      0.0,
      1.0
    ],
    "left": [
      -0.6563112735748291,
      -0.7544902563095093,
      0.0
    ],
    "right": [
      0.6563112735748291,
      0.7544902563095093,
      -0.0
    ],
    "below": [
      -0.0,
      -0.0,
      -1.0
    ],
    "front": [
      0.754490315914154,
      -0.6563112735748291,
      -0.0
    ],
    "behind": [
      -0.754490315914154,
      0.6563112735748291,
      0.0
    ]
  },
  "relationships": {
    "left": [
      [
        1,
        2,
        3,
        4,
        5,
        6,
        7,
        8
      ],
      [
        2,
        3,
        4,
        5,
        6,
        7,
        8
      ],
      [
        5
      ],
      [
        2,
        4,
        5,
        6,
        7,
        8
      ],
      [
        2,
        5
      ],
      [],
      [
        2,
        4,
        5
      ],
      [
        2,
        4,
        5,
        6,
        8
      ],
      [
        2,
        4,
        5,
        6
      ]
    ],
    "right": [
      [],
      [
        0
      ],
      [
        0,
        1,
        3,
        4,
        6,
        7,
        8
      ],
      [
        0,
        1
      ],
      [
        0,
        1,
        3,
        6,
        7,
        8
      ],
      [
        0,
        1,
        2,
        3,
        4,
        6,
        7,
        8
      ],
      [
        0,
        1,
        3,
        7,
        8
      ],
      [
        0,
        1,
        3
      ],
      [
        0,
        1,
        3,
        7
      ]
    ],
    "front": [
      [
        1,
        3,
        4,
        5,
        7
      ],
      [
        3,
        4
      ],
      [
        0,
        1,
        3,
        4,
        5,
        7
      ],
      [],
      [
        3
      ],
      [
        1,
        3,
        4,
        7
      ],
      [
        0,
        1,
        2,
        3,
        4,
        5,
        7,
        8
      ],
      [
        1,
        3,
        4
      ],
      [
        0,
        1,
        2,
        3,
        4,
        5,
        7
      ]
    ],
    "behind": [
      [
        2,
        6,
        8
      ],
      [
        0,
        2,
        5,
        6,
        7,
        8
      ],
      [
        6,
        8
      ],
      [
        0,
        1,
        2,
        4,
        5,
        6,
        7,
        8
      ],
      [
        0,
        1,
        2,
        5,
        6,
        7,
        8
      ],
      [
        0,
        2,
        6,
        8
      ],
      [],
      [
        0,
        2,
        5,
        6,
        8
      ],
      [
        6
      ]
    ]
  },
  "split": "new",
  "objects": [
    {
      "pixel_coords": [
        415,
        121,
        10.751261711120605
      ],
      "3d_coords": [
        2.062394142150879,
        2.9650800228118896,
        0.699999988079071
      ],
      "size": "large",
      "color": "red",
      "material": "rubber",
      "shape": "cube",
      "rotation": 263.09157472107927
    },
    {
      "pixel_coords": [
        411,
        160,
        9.242445945739746
      ],
      "3d_coords": [
        2.9673240184783936,
        1.402122974395752,
        0.699999988079071
      ],
      "size": "large",
      "color": "blue",
      "material": "rubber",
      "shape": "sphere",
      "rotation": 25.766835039333134
    },
    {
      "pixel_coords": [
        138,
        107,
        11.38630485534668
      ],
      "3d_coords": [
        -2.284745693206787,
        -0.9302693605422974,
        0.699999988079071
      ],
      "size": "large",
      "color": "red",
      "material": "rubber",
      "shape": "cube",
      "rotation": 133.84261729342205
    },
    {
      "pixel_coords": [
        305,
        212,
        7.792758941650391
      ],
      "3d_coords": [
        2.8625292778015137,
        -1.2180137634277344,
        0.699999988079071
      ],
      "size": "large",
      "color": "blue",
      "material": "rubber",
      "shape": "cube",
      "rotation": 174.40015749705645
    },
    {
      "pixel_coords": [
        170,
        184,
        8.500687599182129
      ],
      "3d_coords": [
        0.8765676021575928,
        -2.277102470397949,
        0.699999988079071
      ],
      "size": "large",
      "color": "blue",
      "material": "rubber",
      "shape": "cube",
      "rotation": 350.42413948368176
    },
    {
      "pixel_coords": [
        65,
        132,
        10.276138305664062
      ],
      "3d_coords": [
        -2.1451144218444824,
        -2.684342861175537,
        0.699999988079071
      ],
      "size": "large",
      "color": "blue",
      "material": "rubber",
      "shape": "cylinder",
      "rotation": 182.29684645847502
    },
    {
      "pixel_coords": [
        212,
        75,
        13.304058074951172
      ],
      "3d_coords": [
        -2.941490650177002,
        1.6227699518203735,
        0.699999988079071
      ],
      "size": "large",
      "color": "green",
      "material": "rubber",
      "shape": "cube",
      "rotation": 165.40072755860092
    },
    {
      "pixel_coords": [
        261,
        144,
        9.791607856750488
      ],
      "3d_coords": [
        0.7771340012550354,
        -0.16519097983837128,
        0.699999988079071
      ],
      "size": "large",
      "color": "green",
      "material": "rubber",
      "shape": "cube",
      "rotation": 286.93023433855893
    },
    {
      "pixel_coords": [
        236,
        97,
        11.940711975097656
      ],
      "3d_coords": [
        -1.3773553371429443,
        1.0674118995666504,
        0.699999988079071
      ],
      "size": "large",
      "color": "green",
      "material": "rubber",
      "shape": "sphere",
      "rotation": 11.035620466097452
    }
  ],
  "image_index": 70,
  "image_filename": "CLEVR_new_000070.png"
}