{
  "directions": {
    "above": [
      0.0,
      0.0,
      1.0
    ],
    "left": [
      -0.6563112735748291,
      -0.7544902563095093,
      0.0
    ],
    "right": [
      0.6563112735748291,
      0.7544902563095093,
      -0.0
    ],
    "below": [
      -0.0,
      -0.0,
      -1.0
    ],
    "front": [
      0.754490315914154,
      -0.6563112735748291,
      -0.0
    ],
    "behind": [
      -0.754490315914154,
      0.6563112735748291,
      0.0
    ]
  },
  "relationships": {
    "left": [
      [
        1,
        2,
        3,
        4,
        5,
        6
      ],
      [],
      [
        1,
        3,
        4,
        5,
        6
      ],
      [
        1,
        4,
        5,
        6
      ],
      [
        1
      ],
      [
        1,
        4
      ],
      [
        1,
        4,
        5
      ]
    ],
    "right": [
      [],
      [
        0,
        2,
        3,
        4,
        5,
        6
      ],
      [
        0
      ],
      [
        0,
        2
      ],
      [
        0,
        2,
        3,
        5,
        6
      ],
      [
        0,
        2,
        3,
        6
      ],
      [
        0,
        2,
        3
      ]
    ],
    "front": [
      [
        2,
        3,
        5
      ],
      [
        0,
        2,
        3,
        5
      ],
      [],
      [
        2,
        5
      ],
      [
        0,
        1,
        2,
        3,
        5
      ],
      [
        2
      ],
      [
        0,
        1,
        2,
        3,
        4,
        5
      ]
    ],
    "behind": [
      [
        1,
        4,
        6
      ],
      [
        4,
        6
      ],
      [
        0,
        1,
        3,
        4,
        5,
        6
      ],
      [
        0,
        1,
        4,
        6
      ],
      [
        6
      ],
      [
        0,
        1,
        3,
        4,
        6
      ],
      []
    ]
  },
  "split": "new",
  "objects": [
    {
      "pixel_coords": [
        340,
        135,
        10.838883399963379
      ],
      "3d_coords": [
        1.4619488716125488,
        1.480652928352356,
        0.699999988079071
      ],
      "size": "large",
      "color": "green",
      "material": "rubber",
      "shape": "cube",
      "rotation": 314.36689331954335
    },
    {
      "pixel_coords": [
        98,
        119,
        11.500919342041016
      ],
      "3d_coords": [
        -2.442178249359131,
        -2.0256218910217285,
        0.699999988079071
      ],
      "size": "large",
      "color": "blue",
      "material": "rubber",
      "shape": "sphere",
      "rotation": 175.22331212462456
    },
    {
      "pixel_coords": [
        299,
        210,
        8.592303276062012
      ],
      "3d_coords": [
        2.7618041038513184,
        -1.0436522960662842,
        0.699999988079071
      ],
      "size": "large",
      "color": "blue",
      "material": "rubber",
      "shape": "cube",
      "rotation": 310.2158218561436
    },
    {
      "pixel_coords": [
        244,
        160,
        9.98823356628418
      ],
      "3d_coords": [
        0.94976806640625,
        -0.6874793171882629,
        0.699999988079071
      ],
      "size": "large",
      "color": "red",
      "material": "rubber",
      "shape": "cylinder",
      "rotation": 203.6714334369477
    },
    {
      "pixel_coords": [
        155,
        94,
        12.642578125
      ],
      "3d_coords": [
        -2.7748310565948486,
        -0.34703221917152405,
        0.699999988079071
      ],
      "size": "large",
      "color": "red",
      "material": "rubber",
      "shape": "cylinder",
      "rotation": 204.85799533250997
    },
    {
      "pixel_coords": [
        157,
        191,
        9.06285572052002
      ],
      "3d_coords": [
        0.8202804923057556,
        -2.529832124710083,
        0.699999988079071
      ],
      "size": "large",
      "color": "blue",
      "material": "rubber",
      "shape": "cylinder",
      "rotation": 313.7481691220113
    },
    {
      "pixel_coords": [
        229,
        70,
        14.01567554473877
      ],
      "3d_coords": [
        -2.882948398590088,
        2.0242702960968018,
        0.699999988079071
      ],
      "size": "large",
      "color": "red",
      "material": "rubber",
      "shape": "sphere",
      "rotation": 227.60087209925695
    }
  ],
  "image_index": 10,
  "image_filename": "CLEVR_new_000010.png"
}