{
  "directions": {
    "above": [
      0.0,
      0.0,
      1.0
    ],
    "left": [
      -0.6563112735748291,
      -0.7544902563095093,
      0.0
    ],
    "right": [
      0.6563112735748291,
      0.7544902563095093,
      -0.0
    ],
    "below": [
      -0.0,
      -0.0,
      -1.0
    ],
    "front": [
      0.754490315914154,
      -0.6563112735748291,
      -0.0
    ],
    "behind": [
      -0.754490315914154,
      0.6563112735748291,
      0.0
    ]
  },
  "relationships": {
    "left": [
      [
        6
      ],
      [
        0,
        2,
        3,
        5,
        6,
        8
      ],
      [
        0,
        3,
        5,
        6
      ],
      [
        0,
        6
      ],
      [
        0,
        1,
        2,
        3,
        5,
        6,
        7,
        8,
        9
      ],
      [
        0,
        3,
        6
      ],
      [],
      [
        0,
        1,
        2,
        3,
        5,
        6,
        8
      ],
      [
        0,
        2,
        3,
        5,
        6
      ],
      [
        0,
        1,
        2,
        3,
        5,
        6,
        7,
        8
      ]
    ],
    "right": [
      [
        1,
        2,
        3,
        4,
        5,
        7,
        8,
        9
      ],
      [
        4,
        7,
        9
      ],
      [
        1,
        4,
        7,
        8,
        9
      ],
      [
        1,
        2,
        4,
        5,
        7,
        8,
        9
      ],
      [],
      [
        1,
        2,
        4,
        7,
        8,
        9
      ],
      [
        0,
        1,
        2,
        3,
        4,
        5,
        7,
        8,
        9
      ],
      [
        4,
        9
      ],
      [
        1,
        4,
        7,
        9
      ],
      [
        4
      ]
    ],
    "front": [
      [
        1,
        2,
        3,
        4,
        6,
        9
      ],
      [
        2,
        3,
        9
      ],
      [],
      [
        2
      ],
      [
        1,
        2,
        3,
        6,
        9
      ],
      [
        0,
        1,
        2,
        3,
        4,
        6,
        7,
        9
      ],
      [
        1,
        2,
        3,
        9
      ],
      [
        0,
        1,
        2,
        3,
        4,
        6,
        9
      ],
      [
        0,
        1,
        2,
        3,
        4,
        5,
        6,
        7,
        9
      ],
      [
        2,
        3
      ]
    ],
    "behind": [
      [
        5,
        7,
        8
      ],
      [
        0,
        4,
        5,
        6,
        7,
        8
      ],
      [
        0,
        1,
        3,
        4,
        5,
        6,
        7,
        8,
        9
      ],
      [
        0,
        1,
        4,
        5,
        6,
        7,
        8,
        9
      ],
      [
        0,
        5,
        7,
        8
      ],
      [
        8
      ],
      [
        0,
        4,
        5,
        7,
        8
      ],
      [
        5,
        8
      ],
      [],
      [
        0,
        1,
        4,
        5,
        6,
        7,
        8
      ]
    ]
  },
  "split": "new",
  "objects": [
    {
      "pixel_coords": [
        128,
        107,
        11.692974090576172
      ],
      "3d_coords": [
        -2.578582525253296,
        -1.0485798120498657,
        0.699999988079071
      ],
      "size": "large",
      "color": "red",
      "material": "rubber",
      "shape": "cylinder",
      "rotation": 270.2316093336127
    },
    {
      "pixel_coords": [
        288,
        150,
        9.763203620910645
      ],
      "3d_coords": [
        1.3013617992401123,
        0.037701092660427094,
        0.699999988079071
      ],
      "size": "large",
      "color": "green",
      "material": "rubber",
      "shape": "sphere",
      "rotation": 156.25192698822167
    },
    {
      "pixel_coords": [
        212,
        239,
        7.2522501945495605
      ],
      "3d_coords": [
        2.549312114715576,
        -2.8005967140197754,
        0.699999988079071
      ],
      "size": "large",
      "color": "red",
      "material": "rubber",
      "shape": "cube",
      "rotation": 162.43717651384713
    },
    {
      "pixel_coords": [
        123,
        185,
        8.606446266174316
      ],
      "3d_coords": [
        0.3913409411907196,
        -2.93109393119812,
        0.699999988079071
      ],
      "size": "large",
      "color": "green",
      "material": "rubber",
      "shape": "cube",
      "rotation": 209.12286057992213
    },
    {
      "pixel_coords": [
        382,
        118,
        11.110359191894531
      ],
      "3d_coords": [
        1.5721137523651123,
        2.6124107837677,
        0.699999988079071
      ],
      "size": "large",
      "color": "red",
      "material": "rubber",
      "shape": "cube",
      "rotation": 139.51202348702682
    },
    {
      "pixel_coords": [
        204,
        86,
        12.938417434692383
      ],
      "3d_coords": [
        -2.5398659706115723,
        1.095021367073059,
        0.699999988079071
      ],
      "size": "large",
      "color": "green",
      "material": "rubber",
      "shape": "cylinder",
      "rotation": 256.26068107570717
    },
    {
      "pixel_coords": [
        83,
        139,
        10.16872501373291
      ],
      "3d_coords": [
        -1.6651686429977417,
        -2.5971767902374268,
        0.699999988079071
      ],
      "size": "large",
      "color": "green",
      "material": "rubber",
      "shape": "sphere",
      "rotation": 337.3236665419723
    },
    {
      "pixel_coords": [
        300,
        94,
        12.451151847839355
      ],
      "3d_coords": [
        -0.5995491743087769,
        2.4439938068389893,
        0.699999988079071
      ],
      "size": "large",
      "color": "green",
      "material": "rubber",
      "shape": "sphere",
      "rotation": 92.64371740548383
    },
    {
      "pixel_coords": [
        248,
        68,
        14.301249504089355
      ],
      "3d_coords": [
        -2.951751232147217,
        2.932481527328491,
        0.699999988079071
      ],
      "size": "large",
      "color": "green",
      "material": "rubber",
      "shape": "cylinder",
      "rotation": 185.10686995230827
    },
    {
      "pixel_coords": [
        385,
        170,
        9.055423736572266
      ],
      "3d_coords": [
        2.962425947189331,
        0.7023956179618835,
        0.699999988079071
      ],
      "size": "large",
      "color": "red",
      "material": "rubber",
      "shape": "sphere",
      "rotation": 231.14992198959962
    }
  ],
  "image_index": 91,
  "image_filename": "CLEVR_new_000091.png"
}