{
  "directions": {
    "above": [
      0.0,
      0.0,
      1.0
    ],
    "left": [
      -0.6563112735748291,
      -0.7544902563095093,
      0.0
    ],
    "right": [
      0.6563112735748291,
      0.7544902563095093,
      -0.0
    ],
    "below": [
      -0.0,
      -0.0,
      -1.0
    ],
    "front": [
      0.754490315914154,
      -0.6563112735748291,
      -0.0
    ],
    "behind": [
      -0.754490315914154,
      0.6563112735748291,
      0.0
    ]
  },
  "relationships": {
    "left": [
      [
        1,
        3,
        4,
        5,
        7
      ],
      [
        3,
        4,
        5,
        7
      ],
      [
        0,
        1,
        3,
        4,
        5,
        7
      ],
      [],
      [
        3,
        7
      ],
      [
        3,
        4,
        7
      ],
      [
        0,
        1,
        2,
        3,
        4,
        5,
        7
      ],
      [
        3
      ]
    ],
    "right": [
      [
        2,
        6
      ],
      [
        0,
        2,
        6
      ],
      [
        6
      ],
      [
        0,
        1,
        2,
        4,
        5,
        6,
        7
      ],
      [
        0,
        1,
        2,
        5,
        6
      ],
      [
        0,
        1,
        2,
        6
      ],
      [],
      [
        0,
        1,
        2,
        4,
        5,
        6
      ]
    ],
    "front": [
      [],
      [
        0,
        2,
        3,
        4,
        5,
        6,
        7
      ],
      [
        0,
        5,
        7
      ],
      [
        0,
        2,
        5,
        7
      ],
      [
        0,
        2,
        3,
        5,
        6,
        7
      ],
      [
        0,
        7
      ],
      [
        0,
        2,
        3,
        5,
        7
      ],
      [
        0
      ]
    ],
    "behind": [
      [
        1,
        2,
        3,
        4,
        5,
        6,
        7
      ],
      [],
      [
        1,
        3,
        4,
        6
      ],
      [
        1,
        4,
        6
      ],
      [
        1
      ],
      [
        1,
        2,
        3,
        4,
        6
      ],
      [
        1,
        4
      ],
      [
        1,
        2,
        3,
        4,
        5,
        6
      ]
    ]
  },
  "split": "new",
  "objects": [
    {
      "pixel_coords": [
        299,
        200,
        8.122024536132812
      ],
      "3d_coords": [
        2.628950834274292,
        -1.0189845561981201,
        0.699999988079071
      ],
      "size": "large",
      "color": "red",
      "material": "rubber",
      "shape": "cube",
      "rotation": 163.461227015277
    },
    {
      "pixel_coords": [
        243,
        88,
        12.654476165771484
      ],
      "3d_coords": [
        -1.828311800956726,
        1.6165298223495483,
        0.699999988079071
      ],
      "size": "large",
      "color": "blue",
      "material": "rubber",
      "shape": "cylinder",
      "rotation": 40.32843569852818
    },
    {
      "pixel_coords": [
        312,
        127,
        10.566883087158203
      ],
      "3d_coords": [
        0.8652089238166809,
        1.1681392192840576,
        0.699999988079071
      ],
      "size": "large",
      "color": "green",
      "material": "rubber",
      "shape": "cylinder",
      "rotation": 286.0904091068051
    },
    {
      "pixel_coords": [
        81,
        113,
        11.216638565063477
      ],
      "3d_coords": [
        -2.8061468601226807,
        -2.077871799468994,
        0.699999988079071
      ],
      "size": "large",
      "color": "blue",
      "material": "rubber",
      "shape": "sphere",
      "rotation": 16.338471926191843
    },
    {
      "pixel_coords": [
        173,
        93,
        12.305843353271484
      ],
      "3d_coords": [
        -2.579174518585205,
        0.1067725270986557,
        0.699999988079071
      ],
      "size": "large",
      "color": "blue",
      "material": "rubber",
      "shape": "sphere",
      "rotation": 287.6659561595684
    },
    {
      "pixel_coords": [
        205,
        139,
        10.056661605834961
      ],
      "3d_coords": [
        -0.05958746001124382,
        -0.8333379626274109,
        0.699999988079071
      ],
      "size": "large",
      "color": "green",
      "material": "rubber",
      "shape": "sphere",
      "rotation": 261.16695772107704
    },
    {
      "pixel_coords": [
        360,
        104,
        11.667223930358887
      ],
      "3d_coords": [
        0.6990382075309753,
        2.902523994445801,
        0.699999988079071
      ],
      "size": "large",
      "color": "green",
      "material": "rubber",
      "shape": "cube",
      "rotation": 316.06153688916845
    },
    {
      "pixel_coords": [
        94,
        167,
        9.049650192260742
      ],
      "3d_coords": [
        -0.3679525554180145,
        -2.9708633422851562,
        0.699999988079071
      ],
      "size": "large",
      "color": "red",
      "material": "rubber",
      "shape": "cube",
      "rotation": 99.65392058930684
    }
  ],
  "image_index": 42,
  "image_filename": "CLEVR_new_000042.png"
}