{
  "directions": {
    "above": [
      0.0,
      0.0,
      1.0
    ],
    "left": [
      -0.6563112735748291,
      -0.7544902563095093,
      0.0
    ],
    "right": [
      0.6563112735748291,
      0.7544902563095093,
      -0.0
    ],
    "below": [
      -0.0,
      -0.0,
      -1.0
    ],
    "front": [
      0.754490315914154,
      -0.6563112735748291,
      -0.0
    ],
    "behind": [
      -0.754490315914154,
      0.6563112735748291,
      0.0
    ]
  },
  "relationships": {
    "left": [
      [
        1,
        2,
        5,
        6,
        7
      ],
      [
        2,
        5
      ],
      [
        5
      ],
      [
        0,
        1,
        2,
        5,
        6,
        7
      ],
      [
        0,
        1,
        2,
        3,
        5,
        6,
        7,
        8
      ],
      [],
      [
        1,
        2,
        5,
        7
      ],
      [
        1,
        2,
        5
      ],
      [
        0,
        1,
        2,
        3,
        5,
        6,
        7
      ]
    ],
    "right": [
      [
        3,
        4,
        8
      ],
      [
        0,
        3,
        4,
        6,
        7,
        8
      ],
      [
        0,
        1,
        3,
        4,
        6,
        7,
        8
      ],
      [
        4,
        8
      ],
      [],
      [
        0,
        1,
        2,
        3,
        4,
        6,
        7,
        8
      ],
      [
        0,
        3,
        4,
        8
      ],
      [
        0,
        3,
        4,
        6,
        8
      ],
      [
        4
      ]
    ],
    "front": [
      [
        1,
        2,
        3,
        4,
        5,
        6,
        8
      ],
      [],
      [
        1,
        3,
        4,
        5,
        6,
        8
      ],
      [
        1,
        6
      ],
      [
        1,
        3,
        6
      ],
      [
        1,
        3,
        4,
        6
      ],
      [
        1
      ],
      [
        0,
        1,
        2,
        3,
        4,
        5,
        6,
        8
      ],
      [
        1,
        3,
        4,
        5,
        6
      ]
    ],
    "behind": [
      [
        7
      ],
      [
        0,
        2,
        3,
        4,
        5,
        6,
        7,
        8
      ],
      [
        0,
        7
      ],
      [
        0,
        2,
        4,
        5,
        7,
        8
      ],
      [
        0,
        2,
        5,
        7,
        8
      ],
      [
        0,
        2,
        7,
        8
      ],
      [
        0,
        2,
        3,
        4,
        5,
        7,
        8
      ],
      [],
      [
        0,
        2,
        7
      ]
    ]
  },
  "split": "new",
  "objects": [
    {
      "pixel_coords": [
        268,
        93,
        12.599985122680664
      ],
      "3d_coords": [
        -1.0705814361572266,
        1.9720253944396973,
        0.699999988079071
      ],
      "size": "large",
      "color": "red",
      "material": "rubber",
      "shape": "sphere",
      "rotation": 15.869824209861566
    },
    {
      "pixel_coords": [
        185,
        209,
        8.055513381958008
      ],
      "3d_coords": [
        1.559261679649353,
        -2.6774513721466064,
        0.699999988079071
      ],
      "size": "large",
      "color": "blue",
      "material": "rubber",
      "shape": "cylinder",
      "rotation": 313.72085925173906
    },
    {
      "pixel_coords": [
        129,
        106,
        11.834842681884766
      ],
      "3d_coords": [
        -2.6583361625671387,
        -0.9154585599899292,
        0.699999988079071
      ],
      "size": "large",
      "color": "green",
      "material": "rubber",
      "shape": "sphere",
      "rotation": 359.42691081929075
    },
    {
      "pixel_coords": [
        332,
        145,
        10.049553871154785
      ],
      "3d_coords": [
        1.750802993774414,
        0.7572547197341919,
        0.699999988079071
      ],
      "size": "large",
      "color": "green",
      "material": "rubber",
      "shape": "cylinder",
      "rotation": 169.67914447441407
    },
    {
      "pixel_coords": [
        431,
        133,
        10.542728424072266
      ],
      "3d_coords": [
        2.78460955619812,
        2.6291844844818115,
        0.699999988079071
      ],
      "size": "large",
      "color": "blue",
      "material": "rubber",
      "shape": "sphere",
      "rotation": 20.75560580499093
    },
    {
      "pixel_coords": [
        57,
        127,
        10.816317558288574
      ],
      "3d_coords": [
        -2.7125132083892822,
        -2.624598979949951,
        0.699999988079071
      ],
      "size": "large",
      "color": "red",
      "material": "rubber",
      "shape": "sphere",
      "rotation": 287.27454140070523
    },
    {
      "pixel_coords": [
        259,
        168,
        9.232498168945312
      ],
      "3d_coords": [
        1.4189951419830322,
        -0.9126846194267273,
        0.699999988079071
      ],
      "size": "large",
      "color": "blue",
      "material": "rubber",
      "shape": "cylinder",
      "rotation": 280.3213639309005
    },
    {
      "pixel_coords": [
        214,
        75,
        13.79309368133545
      ],
      "3d_coords": [
        -2.975977659225464,
        1.9333940744400024,
        0.699999988079071
      ],
      "size": "large",
      "color": "red",
      "material": "rubber",
      "shape": "cube",
      "rotation": 39.793452028921756
    },
    {
      "pixel_coords": [
        336,
        111,
        11.568872451782227
      ],
      "3d_coords": [
        0.7673299908638,
        2.2036147117614746,
        0.699999988079071
      ],
      "size": "large",
      "color": "green",
      "material": "rubber",
      "shape": "sphere",
      "rotation": 58.41312503147751
    }
  ],
  "image_index": 24,
  "image_filename": "CLEVR_new_000024.png"
}