{
  "directions": {
    "above": [
      0.0,
      0.0,
      1.0
    ],
    "left": [
      -0.6563112735748291,
      -0.7544902563095093,
      0.0
    ],
    "right": [
      0.6563112735748291,
      0.7544902563095093,
      -0.0
    ],
    "below": [
      -0.0,
      -0.0,
      -1.0
    ],
    "front": [
      0.754490315914154,
      -0.6563112735748291,
      -0.0
    ],
    "behind": [
      -0.754490315914154,
      0.6563112735748291,
      0.0
    ]
  },
  "relationships": {
    "left": [
      [
        6
      ],
      [
        0,
        2,
        3,
        4,
        5,
        6,
        7,
        8
      ],
      [
        0,
        3,
        4,
        6,
        7,
        8
      ],
      [
        0,
        6
      ],
      [
        0,
        3,
        6
      ],
      [
        0,
        2,
        3,
        4,
        6,
        7,
        8
      ],
      [],
      [
        0,
        3,
        4,
        6,
        8
      ],
      [
        0,
        3,
        4,
        6
      ]
    ],
    "right": [
      [
        1,
        2,
        3,
        4,
        5,
        7,
        8
      ],
      [],
      [
        1,
        5
      ],
      [
        1,
        2,
        4,
        5,
        7,
        8
      ],
      [
        1,
        2,
        5,
        7,
        8
      ],
      [
        1
      ],
      [
        0,
        1,
        2,
        3,
        4,
        5,
        7,
        8
      ],
      [
        1,
        2,
        5
      ],
      [
        1,
        2,
        5,
        7
      ]
    ],
    "front": [
      [
        2,
        4
      ],
      [
        0,
        2,
        3,
        4,
        5,
        6
      ],
      [
        4
      ],
      [
        0,
        2,
        4,
        5,
        6
      ],
      [],
      [
        0,
        2,
        4
      ],
      [
        0,
        2,
        4,
        5
      ],
      [
        0,
        1,
        2,
        3,
        4,
        5,
        6
      ],
      [
        0,
        1,
        2,
        3,
        4,
        5,
        6,
        7
      ]
    ],
    "behind": [
      [
        1,
        3,
        5,
        6,
        7,
        8
      ],
      [
        7,
        8
      ],
      [
        0,
        1,
        3,
        5,
        6,
        7,
        8
      ],
      [
        1,
        7,
        8
      ],
      [
        0,
        1,
        2,
        3,
        5,
        6,
        7,
        8
      ],
      [
        1,
        3,
        6,
        7,
        8
      ],
      [
        1,
        3,
        7,
        8
      ],
      [
        8
      ],
      []
    ]
  },
  "split": "new",
  "objects": [
    {
      "pixel_coords": [
        154,
        161,
        9.579333305358887
      ],
      "3d_coords": [
        0.017266755923628807,
        -2.087876558303833,
        0.699999988079071
      ],
      "size": "large",
      "color": "blue",
      "material": "rubber",
      "shape": "cube",
      "rotation": 259.3581309666199
    },
    {
      "pixel_coords": [
        351,
        105,
        12.029985427856445
      ],
      "3d_coords": [
        0.5896031260490417,
        2.837661027908325,
        0.699999988079071
      ],
      "size": "large",
      "color": "green",
      "material": "rubber",
      "shape": "cube",
      "rotation": 337.0035985454557
    },
    {
      "pixel_coords": [
        329,
        199,
        8.403837203979492
      ],
      "3d_coords": [
        2.978074550628662,
        -0.6585549712181091,
        0.699999988079071
      ],
      "size": "large",
      "color": "green",
      "material": "rubber",
      "shape": "cube",
      "rotation": 344.60769697456743
    },
    {
      "pixel_coords": [
        199,
        124,
        11.076388359069824
      ],
      "3d_coords": [
        -0.7996352910995483,
        -0.4461815655231476,
        0.699999988079071
      ],
      "size": "large",
      "color": "red",
      "material": "rubber",
      "shape": "cylinder",
      "rotation": 212.48321282385322
    },
    {
      "pixel_coords": [
        220,
        214,
        8.002992630004883
      ],
      "3d_coords": [
        2.1895344257354736,
        -2.278687000274658,
        0.699999988079071
      ],
      "size": "large",
      "color": "blue",
      "material": "rubber",
      "shape": "sphere",
      "rotation": 151.29432888342933
    },
    {
      "pixel_coords": [
        339,
        148,
        10.036126136779785
      ],
      "3d_coords": [
        1.879492163658142,
        0.8877885937690735,
        0.699999988079071
      ],
      "size": "large",
      "color": "red",
      "material": "rubber",
      "shape": "sphere",
      "rotation": 204.15111177994368
    },
    {
      "pixel_coords": [
        56,
        136,
        10.541142463684082
      ],
      "3d_coords": [
        -2.177806854248047,
        -2.990725040435791,
        0.699999988079071
      ],
      "size": "large",
      "color": "green",
      "material": "rubber",
      "shape": "cube",
      "rotation": 219.27004852894035
    },
    {
      "pixel_coords": [
        279,
        95,
        12.59233570098877
      ],
      "3d_coords": [
        -0.9422914981842041,
        2.0185558795928955,
        0.699999988079071
      ],
      "size": "large",
      "color": "green",
      "material": "rubber",
      "shape": "cylinder",
      "rotation": 325.1768189375843
    },
    {
      "pixel_coords": [
        248,
        73,
        14.118962287902832
      ],
      "3d_coords": [
        -2.71751070022583,
        2.588409185409546,
        0.699999988079071
      ],
      "size": "large",
      "color": "red",
      "material": "rubber",
      "shape": "sphere",
      "rotation": 132.05998080078075
    }
  ],
  "image_index": 88,
  "image_filename": "CLEVR_new_000088.png"
}