{
  "directions": {
    "above": [
      0.0,
      0.0,
      1.0
    ],
    "left": [
      -0.6563112735748291,
      -0.7544902563095093,
      0.0
    ],
    "right": [
      0.6563112735748291,
      0.7544902563095093,
      -0.0
    ],
    "below": [
      -0.0,
      -0.0,
      -1.0
    ],
    "front": [
      0.754490315914154,
      -0.6563112735748291,
      -0.0
    ],
    "behind": [
      -0.754490315914154,
      0.6563112735748291,
      0.0
    ]
  },
  "relationships": {
    "left": [
      [
        2,
        4,
        6
      ],
      [
        0,
        2,
        4,
        6,
        8
      ],
      [
        4,
        6
      ],
      [
        0,
        1,
        2,
        4,
        5,
        6,
        7,
        8
      ],
      [
        6
      ],
      [
        0,
        1,
        2,
        4,
        6,
        7,
        8
      ],
      [],
      [
        0,
        1,
        2,
        4,
        6,
        8
      ],
      [
        0,
        2,
        4,
        6
      ]
    ],
    "right": [
      [
        1,
        3,
        5,
        7,
        8
      ],
      [
        3,
        5,
        7
      ],
      [
        0,
        1,
        3,
        5,
        7,
        8
      ],
      [],
      [
        0,
        1,
        2,
        3,
        5,
        7,
        8
      ],
      [
        3
      ],
      [
        0,
        1,
        2,
        3,
        4,
        5,
        7,
        8
      ],
      [
        3,
        5
      ],
      [
        1,
        3,
        5,
        7
      ]
    ],
    "front": [
      [
        5,
        8
      ],
      [
        0,
        3,
        4,
        5,
        8
      ],
      [
        0,
        1,
        3,
        4,
        5,
        6,
        8
      ],
      [
        0,
        5,
        8
      ],
      [
        0,
        3,
        5,
        8
      ],
      [
        8
      ],
      [
        0,
        1,
        3,
        4,
        5,
        8
      ],
      [
        0,
        1,
        2,
        3,
        4,
        5,
        6,
        8
      ],
      []
    ],
    "behind": [
      [
        1,
        2,
        3,
        4,
        6,
        7
      ],
      [
        2,
        6,
        7
      ],
      [
        7
      ],
      [
        1,
        2,
        4,
        6,
        7
      ],
      [
        1,
        2,
        6,
        7
      ],
      [
        0,
        1,
        2,
        3,
        4,
        6,
        7
      ],
      [
        2,
        7
      ],
      [],
      [
        0,
        1,
        2,
        3,
        4,
        5,
        6,
        7
      ]
    ]
  },
  "split": "new",
  "objects": [
    {
      "pixel_coords": [
        186,
        175,
        9.33316707611084
      ],
      "3d_coords": [
        0.6570075750350952,
        -1.8452951908111572,
        0.699999988079071
      ],
      "size": "large",
      "color": "green",
      "material": "rubber",
      "shape": "sphere",
      "rotation": 357.90544708938154
    },
    {
      "pixel_coords": [
        245,
        125,
        11.029930114746094
      ],
      "3d_coords": [
        -0.1260955035686493,
        0.2568512558937073,
        0.699999988079071
      ],
      "size": "large",
      "color": "blue",
      "material": "rubber",
      "shape": "cube",
      "rotation": 103.06926721661137
    },
    {
      "pixel_coords": [
        182,
        82,
        13.035406112670898
      ],
      "3d_coords": [
        -2.908626079559326,
        0.6221045851707458,
        0.699999988079071
      ],
      "size": "large",
      "color": "blue",
      "material": "rubber",
      "shape": "sphere",
      "rotation": 129.85401731699542
    },
    {
      "pixel_coords": [
        419,
        153,
        10.031668663024902
      ],
      "3d_coords": [
        2.922804117202759,
        1.9740123748779297,
        0.699999988079071
      ],
      "size": "large",
      "color": "blue",
      "material": "rubber",
      "shape": "sphere",
      "rotation": 231.41568261158648
    },
    {
      "pixel_coords": [
        135,
        142,
        10.376813888549805
      ],
      "3d_coords": [
        -0.9963787198066711,
        -1.889599084854126,
        0.699999988079071
      ],
      "size": "large",
      "color": "red",
      "material": "rubber",
      "shape": "cube",
      "rotation": 38.08772560529696
    },
    {
      "pixel_coords": [
        313,
        190,
        8.926787376403809
      ],
      "3d_coords": [
        2.4603583812713623,
        -0.5046334266662598,
        0.699999988079071
      ],
      "size": "large",
      "color": "red",
      "material": "rubber",
      "shape": "cube",
      "rotation": 65.93563989735787
    },
    {
      "pixel_coords": [
        98,
        107,
        11.79455852508545
      ],
      "3d_coords": [
        -2.965472459793091,
        -1.6336956024169922,
        0.699999988079071
      ],
      "size": "large",
      "color": "blue",
      "material": "rubber",
      "shape": "sphere",
      "rotation": 243.8788067948401
    },
    {
      "pixel_coords": [
        269,
        68,
        13.872591972351074
      ],
      "3d_coords": [
        -2.175039291381836,
        2.937546730041504,
        0.699999988079071
      ],
      "size": "large",
      "color": "blue",
      "material": "rubber",
      "shape": "cylinder",
      "rotation": 297.99393233081224
    },
    {
      "pixel_coords": [
        211,
        244,
        7.722365379333496
      ],
      "3d_coords": [
        2.4106569290161133,
        -2.687962532043457,
        0.699999988079071
      ],
      "size": "large",
      "color": "green",
      "material": "rubber",
      "shape": "cube",
      "rotation": 342.7062788305779
    }
  ],
  "image_index": 67,
  "image_filename": "CLEVR_new_000067.png"
}