{
  "directions": {
    "above": [
      0.0,
      0.0,
      1.0
    ],
    "left": [
      -0.6563112735748291,
      -0.7544902563095093,
      0.0
    ],
    "right": [
      0.6563112735748291,
      0.7544902563095093,
      -0.0
    ],
    "below": [
      -0.0,
      -0.0,
      -1.0
    ],
    "front": [
      0.754490315914154,
      -0.6563112735748291,
      -0.0
    ],
    "behind": [
      -0.754490315914154,
      0.6563112735748291,
      0.0
    ]
  },
  "relationships": {
    "left": [
      [
        5,
        7
      ],
      [
        0,
        5,
        7
      ],
      [
        0,
        1,
        4,
        5,
        6,
        7
      ],
      [
        0,
        1,
        2,
        4,
        5,
        6,
        7
      ],
      [
        0,
        1,
        5,
        6,
        7
      ],
      [],
      [
        0,
        1,
        5,
        7
      ],
      [
        5
      ]
    ],
    "right": [
      [
        1,
        2,
        3,
        4,
        6
      ],
      [
        2,
        3,
        4,
        6
      ],
      [
        3
      ],
      [],
      [
        2,
        3
      ],
      [
        0,
        1,
        2,
        3,
        4,
        6,
        7
      ],
      [
        2,
        3,
        4
      ],
      [
        0,
        1,
        2,
        3,
        4,
        6
      ]
    ],
    "front": [
      [
        1,
        2,
        3,
        5,
        6,
        7
      ],
      [],
      [
        1
      ],
      [
        1,
        2,
        5,
        6,
        7
      ],
      [
        0,
        1,
        2,
        3,
        5,
        6,
        7
      ],
      [
        1,
        2,
        6,
        7
      ],
      [
        1,
        2,
        7
      ],
      [
        1,
        2
      ]
    ],
    "behind": [
      [
        4
      ],
      [
        0,
        2,
        3,
        4,
        5,
        6,
        7
      ],
      [
        0,
        3,
        4,
        5,
        6,
        7
      ],
      [
        0,
        4
      ],
      [],
      [
        0,
        3,
        4
      ],
      [
        0,
        3,
        4,
        5
      ],
      [
        0,
        3,
        4,
        5,
        6
      ]
    ]
  },
  "split": "new",
  "objects": [
    {
      "pixel_coords": [
        186,
        103,
        12.376968383789062
      ],
      "3d_coords": [
        -2.066988229751587,
        0.12467513233423233,
        0.699999988079071
      ],
      "size": "large",
      "color": "blue",
      "material": "rubber",
      "shape": "cylinder",
      "rotation": 48.620576011428966
    },
    {
      "pixel_coords": [
        230,
        238,
        7.3784990310668945
      ],
      "3d_coords": [
        2.8728442192077637,
        -2.680561065673828,
        0.699999988079071
      ],
      "size": "large",
      "color": "green",
      "material": "rubber",
      "shape": "cylinder",
      "rotation": 243.141444466781
    },
    {
      "pixel_coords": [
        328,
        185,
        8.762455940246582
      ],
      "3d_coords": [
        2.7676918506622314,
        -0.4503338038921356,
        0.699999988079071
      ],
      "size": "large",
      "color": "blue",
      "material": "rubber",
      "shape": "cylinder",
      "rotation": 275.29575017088416
    },
    {
      "pixel_coords": [
        332,
        114,
        11.713271141052246
      ],
      "3d_coords": [
        0.6588082909584045,
        2.135134696960449,
        0.699999988079071
      ],
      "size": "large",
      "color": "green",
      "material": "rubber",
      "shape": "sphere",
      "rotation": 188.6111715793772
    },
    {
      "pixel_coords": [
        277,
        83,
        13.702040672302246
      ],
      "3d_coords": [
        -1.7226903438568115,
        2.772284746170044,
        0.699999988079071
      ],
      "size": "large",
      "color": "red",
      "material": "rubber",
      "shape": "cylinder",
      "rotation": 239.4837638218899
    },
    {
      "pixel_coords": [
        78,
        126,
        11.092860221862793
      ],
      "3d_coords": [
        -2.4049315452575684,
        -2.4460232257843018,
        0.699999988079071
      ],
      "size": "large",
      "color": "green",
      "material": "rubber",
      "shape": "cylinder",
      "rotation": 240.36682894144133
    },
    {
      "pixel_coords": [
        257,
        143,
        10.28390121459961
      ],
      "3d_coords": [
        0.7356165647506714,
        -0.2048777937889099,
        0.699999988079071
      ],
      "size": "large",
      "color": "blue",
      "material": "rubber",
      "shape": "sphere",
      "rotation": 120.75213234413215
    },
    {
      "pixel_coords": [
        134,
        158,
        9.690860748291016
      ],
      "3d_coords": [
        -0.26654601097106934,
        -2.366159677505493,
        0.699999988079071
      ],
      "size": "large",
      "color": "red",
      "material": "rubber",
      "shape": "cube",
      "rotation": 49.86701601854156
    }
  ],
  "image_index": 53,
  "image_filename": "CLEVR_new_000053.png"
}