{
  "directions": {
    "above": [
      0.0,
      0.0,
      1.0
    ],
    "left": [
      -0.6563112735748291,
      -0.7544902563095093,
      0.0
    ],
    "right": [
      0.6563112735748291,
      0.7544902563095093,
      -0.0
    ],
    "below": [
      -0.0,
      -0.0,
      -1.0
    ],
    "front": [
      0.754490315914154,
      -0.6563112735748291,
      -0.0
    ],
    "behind": [
      -0.754490315914154,
      0.6563112735748291,
      0.0
    ]
  },
  "relationships": {
    "left": [
      [
        2,
        3,
        4,
        5
      ],
      [
        0,
        2,
        3,
        4,
        5,
        6
      ],
      [],
      [
        2,
        5
      ],
      [
        2,
        3,
        5
      ],
      [
        2
      ],
      [
        0,
        2,
        3,
        4,
        5
      ]
    ],
    "right": [
      [
        1,
        6
      ],
      [],
      [
        0,
        1,
        3,
        4,
        5,
        6
      ],
      [
        0,
        1,
        4,
        6
      ],
      [
        0,
        1,
        6
      ],
      [
        0,
        1,
        3,
        4,
        6
      ],
      [
        1
      ]
    ],
    "front": [
      [
        1,
        3
      ],
      [
        3
      ],
      [
        0,
        1,
        3,
        5
      ],
      [],
      [
        0,
        1,
        2,
        3,
        5,
        6
      ],
      [
        0,
        1,
        3
      ],
      [
        0,
        1,
        2,
        3,
        5
      ]
    ],
    "behind": [
      [
        2,
        4,
        5,
        6
      ],
      [
        0,
        2,
        4,
        5,
        6
      ],
      [
        4,
        6
      ],
      [
        0,
        1,
        2,
        4,
        5,
        6
      ],
      [],
      [
        2,
        4,
        6
      ],
      [
        4
      ]
    ]
  },
  "split": "new",
  "objects": [
    {
      "pixel_coords": [
        273,
        131,
        10.16297435760498
      ],
      "3d_coords": [
        0.52674800157547,
        0.3906770944595337,
        0.699999988079071
      ],
      "size": "large",
      "color": "blue",
      "material": "rubber",
      "shape": "cube",
      "rotation": 168.7049377821793
    },
    {
      "pixel_coords": [
        426,
        152,
        9.379210472106934
      ],
      "3d_coords": [
        2.956099271774292,
        1.8366831541061401,
        0.699999988079071
      ],
      "size": "large",
      "color": "blue",
      "material": "rubber",
      "shape": "cube",
      "rotation": 26.466822480694635
    },
    {
      "pixel_coords": [
        64,
        113,
        10.974117279052734
      ],
      "3d_coords": [
        -2.994976043701172,
        -2.267122268676758,
        0.699999988079071
      ],
      "size": "large",
      "color": "blue",
      "material": "rubber",
      "shape": "sphere",
      "rotation": 16.60451006500046
    },
    {
      "pixel_coords": [
        171,
        212,
        7.70077657699585
      ],
      "3d_coords": [
        1.5460972785949707,
        -2.6883864402770996,
        0.699999988079071
      ],
      "size": "large",
      "color": "blue",
      "material": "rubber",
      "shape": "sphere",
      "rotation": 179.06195114993818
    },
    {
      "pixel_coords": [
        217,
        91,
        12.11661434173584
      ],
      "3d_coords": [
        -1.9124219417572021,
        0.9545741677284241,
        0.699999988079071
      ],
      "size": "large",
      "color": "red",
      "material": "rubber",
      "shape": "cube",
      "rotation": 126.1673221705839
    },
    {
      "pixel_coords": [
        142,
        122,
        10.584470748901367
      ],
      "3d_coords": [
        -1.5452682971954346,
        -1.269352912902832,
        0.699999988079071
      ],
      "size": "large",
      "color": "blue",
      "material": "rubber",
      "shape": "cylinder",
      "rotation": 316.66311285883256
    },
    {
      "pixel_coords": [
        310,
        103,
        11.446237564086914
      ],
      "3d_coords": [
        0.012483739294111729,
        2.0150434970855713,
        0.699999988079071
      ],
      "size": "large",
      "color": "green",
      "material": "rubber",
      "shape": "sphere",
      "rotation": 344.276864762785
    }
  ],
  "image_index": 79,
  "image_filename": "CLEVR_new_000079.png"
}