{
  "directions": {
    "above": [
      0.0,
      0.0,
      1.0
    ],
    "left": [
      -0.6563112735748291,
      -0.7544902563095093,
      0.0
    ],
    "right": [
      0.6563112735748291,
      0.7544902563095093,
      -0.0
    ],
    "below": [
      -0.0,
      -0.0,
      -1.0
    ],
    "front": [
      0.754490315914154,
      -0.6563112735748291,
      -0.0
    ],
    "behind": [
      -0.754490315914154,
      0.6563112735748291,
      0.0
    ]
  },
  "relationships": {
    "left": [
      [
        4,
        6
      ],
      [
        0,
        2,
        3,
        4,
        5,
        6,
        7,
        8
      ],
      [
        0,
        3,
        4,
        6,
        7
      ],
      [
        0,
        4,
        6
      ],
      [],
      [
        0,
        2,
        3,
        4,
        6,
        7,
        8
      ],
      [
        4
      ],
      [
        0,
        3,
        4,
        6
      ],
      [
        0,
        2,
        3,
        4,
        6,
        7
      ]
    ],
    "right": [
      [
        1,
        2,
        3,
        5,
        7,
        8
      ],
      [],
      [
        1,
        5,
        8
      ],
      [
        1,
        2,
        5,
        7,
        8
      ],
      [
        0,
        1,
        2,
        3,
        5,
        6,
        7,
        8
      ],
      [
        1
      ],
      [
        0,
        1,
        2,
        3,
        5,
        7,
        8
      ],
      [
        1,
        2,
        5,
        8
      ],
      [
        1,
        5
      ]
    ],
    "front": [
      [
        1,
        3,
        4,
        6,
        7,
        8
      ],
      [
        3,
        6,
        8
      ],
      [
        0,
        1,
        3,
        4,
        5,
        6,
        7,
        8
      ],
      [
        8
      ],
      [
        1,
        3,
        6,
        7,
        8
      ],
      [
        0,
        1,
        3,
        4,
        6,
        7,
        8
      ],
      [
        3,
        8
      ],
      [
        1,
        3,
        6,
        8
      ],
      []
    ],
    "behind": [
      [
        2,
        5
      ],
      [
        0,
        2,
        4,
        5,
        7
      ],
      [],
      [
        0,
        1,
        2,
        4,
        5,
        6,
        7
      ],
      [
        0,
        2,
        5
      ],
      [
        2
      ],
      [
        0,
        1,
        2,
        4,
        5,
        7
      ],
      [
        0,
        2,
        4,
        5
      ],
      [
        0,
        1,
        2,
        3,
        4,
        5,
        6,
        7
      ]
    ]
  },
  "split": "new",
  "objects": [
    {
      "pixel_coords": [
        152,
        112,
        11.582945823669434
      ],
      "3d_coords": [
        -1.968927264213562,
        -0.8218542337417603,
        0.699999988079071
      ],
      "size": "large",
      "color": "red",
      "material": "rubber",
      "shape": "cylinder",
      "rotation": 261.3152351678025
    },
    {
      "pixel_coords": [
        354,
        144,
        10.352375030517578
      ],
      "3d_coords": [
        1.9167377948760986,
        1.2956265211105347,
        0.699999988079071
      ],
      "size": "large",
      "color": "red",
      "material": "rubber",
      "shape": "cube",
      "rotation": 144.83149799089543
    },
    {
      "pixel_coords": [
        245,
        70,
        13.732451438903809
      ],
      "3d_coords": [
        -2.410463333129883,
        2.402825355529785,
        0.699999988079071
      ],
      "size": "large",
      "color": "blue",
      "material": "rubber",
      "shape": "cube",
      "rotation": 0.29578667437261785
    },
    {
      "pixel_coords": [
        196,
        184,
        9.099825859069824
      ],
      "3d_coords": [
        0.9537809491157532,
        -1.91476309299469,
        0.699999988079071
      ],
      "size": "large",
      "color": "green",
      "material": "rubber",
      "shape": "sphere",
      "rotation": 159.81680504645286
    },
    {
      "pixel_coords": [
        63,
        124,
        11.091408729553223
      ],
      "3d_coords": [
        -2.7673823833465576,
        -2.5405490398406982,
        0.699999988079071
      ],
      "size": "large",
      "color": "blue",
      "material": "rubber",
      "shape": "cylinder",
      "rotation": 263.4199723356424
    },
    {
      "pixel_coords": [
        308,
        86,
        12.833398818969727
      ],
      "3d_coords": [
        -0.6154013872146606,
        2.811041831970215,
        0.699999988079071
      ],
      "size": "large",
      "color": "red",
      "material": "rubber",
      "shape": "sphere",
      "rotation": 74.97073247323864
    },
    {
      "pixel_coords": [
        112,
        163,
        9.72806167602539
      ],
      "3d_coords": [
        -0.6708304286003113,
        -2.603984832763672,
        0.699999988079071
      ],
      "size": "large",
      "color": "red",
      "material": "rubber",
      "shape": "sphere",
      "rotation": 311.01842083208055
    },
    {
      "pixel_coords": [
        224,
        131,
        10.820243835449219
      ],
      "3d_coords": [
        -0.23273472487926483,
        -0.24275417625904083,
        0.699999988079071
      ],
      "size": "large",
      "color": "green",
      "material": "rubber",
      "shape": "cube",
      "rotation": 230.97187216620625
    },
    {
      "pixel_coords": [
        294,
        231,
        8.00255012512207
      ],
      "3d_coords": [
        2.968038320541382,
        -1.6091965436935425,
        0.699999988079071
      ],
      "size": "large",
      "color": "blue",
      "material": "rubber",
      "shape": "cube",
      "rotation": 35.691909777067366
    }
  ],
  "image_index": 85,
  "image_filename": "CLEVR_new_000085.png"
}