{
  "directions": {
    "above": [
      0.0,
      0.0,
      1.0
    ],
    "left": [
      -0.6563112735748291,
      -0.7544902563095093,
      0.0
    ],
    "right": [
      0.6563112735748291,
      0.7544902563095093,
      -0.0
    ],
    "below": [
      -0.0,
      -0.0,
      -1.0
    ],
    "front": [
      0.754490315914154,
      -0.6563112735748291,
      -0.0
    ],
    "behind": [
      -0.754490315914154,
      0.6563112735748291,
      0.0
    ]
  },
  "relationships": {
    "left": [
      [
        2,
        3,
        4
      ],
      [
        0,
        2,
        3,
        4,
        5,
        6
      ],
      [
        3,
        4
      ],
      [],
      [
        3
      ],
      [
        0,
        2,
        3,
        4,
        6
      ],
      [
        0,
        2,
        3,
        4
      ]
    ],
    "right": [
      [
        1,
        5,
        6
      ],
      [],
      [
        0,
        1,
        5,
        6
      ],
      [
        0,
        1,
        2,
        4,
        5,
        6
      ],
      [
        0,
        1,
        2,
        5,
        6
      ],
      [
        1
      ],
      [
        1,
        5
      ]
    ],
    "front": [
      [
        2,
        3
      ],
      [
        0,
        2,
        3
      ],
      [],
      [
        2
      ],
      [
        0,
        1,
        2,
        3,
        5
      ],
      [
        0,
        1,
        2,
        3
      ],
      [
        0,
        1,
        2,
        3,
        4,
        5
      ]
    ],
    "behind": [
      [
        1,
        4,
        5,
        6
      ],
      [
        4,
        5,
        6
      ],
      [
        0,
        1,
        3,
        4,
        5,
        6
      ],
      [
        0,
        1,
        4,
        5,
        6
      ],
      [
        6
      ],
      [
        4,
        6
      ],
      []
    ]
  },
  "split": "new",
  "objects": [
    {
      "pixel_coords": [
        188,
        145,
        10.194211959838867
      ],
      "3d_coords": [
        -0.16127365827560425,
        -1.1833245754241943,
        0.699999988079071
      ],
      "size": "large",
      "color": "red",
      "material": "rubber",
      "shape": "cube",
      "rotation": 161.58819694295784
    },
    {
      "pixel_coords": [
        421,
        134,
        10.61160659790039
      ],
      "3d_coords": [
        2.495344877243042,
        2.6908764839172363,
        0.699999988079071
      ],
      "size": "large",
      "color": "green",
      "material": "rubber",
      "shape": "sphere",
      "rotation": 281.3911679403036
    },
    {
      "pixel_coords": [
        148,
        200,
        8.510587692260742
      ],
      "3d_coords": [
        0.9955739974975586,
        -2.806748151779175,
        0.699999988079071
      ],
      "size": "large",
      "color": "green",
      "material": "rubber",
      "shape": "cube",
      "rotation": 205.0526817200776
    },
    {
      "pixel_coords": [
        102,
        160,
        9.66947078704834
      ],
      "3d_coords": [
        -0.6999322772026062,
        -2.74992036819458,
        0.699999988079071
      ],
      "size": "large",
      "color": "blue",
      "material": "rubber",
      "shape": "cylinder",
      "rotation": 266.6124257222463
    },
    {
      "pixel_coords": [
        156,
        98,
        12.258794784545898
      ],
      "3d_coords": [
        -2.584378957748413,
        -0.37735411524772644,
        0.699999988079071
      ],
      "size": "large",
      "color": "green",
      "material": "rubber",
      "shape": "cylinder",
      "rotation": 60.65311181416324
    },
    {
      "pixel_coords": [
        293,
        111,
        11.592610359191895
      ],
      "3d_coords": [
        0.01616636849939823,
        1.5076904296875,
        0.699999988079071
      ],
      "size": "large",
      "color": "green",
      "material": "rubber",
      "shape": "cylinder",
      "rotation": 258.1459433984954
    },
    {
      "pixel_coords": [
        227,
        89,
        12.74344253540039
      ],
      "3d_coords": [
        -1.93845796585083,
        1.2446032762527466,
        0.699999988079071
      ],
      "size": "large",
      "color": "blue",
      "material": "rubber",
      "shape": "cylinder",
      "rotation": 163.9634079817763
    }
  ],
  "image_index": 12,
  "image_filename": "CLEVR_new_000012.png"
}