{
  "directions": {
    "above": [
      0.0,
      0.0,
      1.0
    ],
    "left": [
      -0.6563112735748291,
      -0.7544902563095093,
      0.0
    ],
    "right": [
      0.6563112735748291,
      0.7544902563095093,
      -0.0
    ],
    "below": [
      -0.0,
      -0.0,
      -1.0
    ],
    "front": [
      0.754490315914154,
      -0.6563112735748291,
      -0.0
    ],
    "behind": [
      -0.754490315914154,
      0.6563112735748291,
      0.0
    ]
  },
  "relationships": {
    "left": [
      [
        1,
        2,
        5,
        6,
        7
      ],
      [],
      [
        1,
        6
      ],
      [
        0,
        1,
        2,
        4,
        5,
        6,
        7,
        8
      ],
      [
        0,
        1,
        2,
        5,
        6,
        7
      ],
      [
        1,
        2,
        6
      ],
      [
        1
      ],
      [
        1,
        2,
        5,
        6
      ],
      [
        0,
        1,
        2,
        4,
        5,
        6,
        7
      ],
      [
        0,
        1,
        2,
        3,
        4,
        5,
        6,
        7,
        8
      ]
    ],
    "right": [
      [
        3,
        4,
        8,
        9
      ],
      [
        0,
        2,
        3,
        4,
        5,
        6,
        7,
        8,
        9
      ],
      [
        0,
        3,
        4,
        5,
        7,
        8,
        9
      ],
      [
        9
      ],
      [
        3,
        8,
        9
      ],
      [
        0,
        3,
        4,
        7,
        8,
        9
      ],
      [
        0,
        2,
        3,
        4,
        5,
        7,
        8,
        9
      ],
      [
        0,
        3,
        4,
        8,
        9
      ],
      [
        3,
        9
      ],
      []
    ],
    "front": [
      [],
      [
        0,
        5,
        6,
        8,
        9
      ],
      [
        0,
        1,
        3,
        5,
        6,
        8,
        9
      ],
      [
        0,
        1,
        5,
        6,
        8,
        9
      ],
      [
        0,
        1,
        2,
        3,
        5,
        6,
        8,
        9
      ],
      [
        0,
        6,
        8
      ],
      [
        0
      ],
      [
        0,
        1,
        2,
        3,
        4,
        5,
        6,
        8,
        9
      ],
      [
        0,
        6
      ],
      [
        0,
        5,
        6,
        8
      ]
    ],
    "behind": [
      [
        1,
        2,
        3,
        4,
        5,
        6,
        7,
        8,
        9
      ],
      [
        2,
        3,
        4,
        7
      ],
      [
        4,
        7
      ],
      [
        2,
        4,
        7
      ],
      [
        7
      ],
      [
        1,
        2,
        3,
        4,
        7,
        9
      ],
      [
        1,
        2,
        3,
        4,
        5,
        7,
        8,
        9
      ],
      [],
      [
        1,
        2,
        3,
        4,
        5,
        7,
        9
      ],
      [
        1,
        2,
        3,
        4,
        7
      ]
    ]
  },
  "split": "new",
  "objects": [
    {
      "pixel_coords": [
        277,
        207,
        8.375215530395508
      ],
      "3d_coords": [
        2.5728631019592285,
        -1.5575305223464966,
        0.699999988079071
      ],
      "size": "large",
      "color": "red",
      "material": "rubber",
      "shape": "cylinder",
      "rotation": 9.536828729764775
    },
    {
      "pixel_coords": [
        106,
        129,
        11.065424919128418
      ],
      "3d_coords": [
        -1.9812759160995483,
        -2.027224540710449,
        0.699999988079071
      ],
      "size": "large",
      "color": "green",
      "material": "rubber",
      "shape": "cube",
      "rotation": 352.4167430642931
    },
    {
      "pixel_coords": [
        179,
        109,
        12.02981948852539
      ],
      "3d_coords": [
        -1.808677077293396,
        -0.23122307658195496,
        0.699999988079071
      ],
      "size": "large",
      "color": "red",
      "material": "rubber",
      "shape": "sphere",
      "rotation": 289.3323873817656
    },
    {
      "pixel_coords": [
        345,
        118,
        11.564553260803223
      ],
      "3d_coords": [
        1.092235803604126,
        2.1496644020080566,
        0.699999988079071
      ],
      "size": "large",
      "color": "blue",
      "material": "rubber",
      "shape": "cube",
      "rotation": 335.829850206248
    },
    {
      "pixel_coords": [
        282,
        92,
        12.999550819396973
      ],
      "3d_coords": [
        -0.9641479849815369,
        2.3048665523529053,
        0.699999988079071
      ],
      "size": "large",
      "color": "blue",
      "material": "rubber",
      "shape": "sphere",
      "rotation": 300.39864670977033
    },
    {
      "pixel_coords": [
        207,
        146,
        10.317085266113281
      ],
      "3d_coords": [
        0.1222933679819107,
        -0.9860396981239319,
        0.699999988079071
      ],
      "size": "large",
      "color": "green",
      "material": "rubber",
      "shape": "cylinder",
      "rotation": 177.42315232707585
    },
    {
      "pixel_coords": [
        110,
        175,
        9.289457321166992
      ],
      "3d_coords": [
        -0.1434756964445114,
        -2.9888744354248047,
        0.699999988079071
      ],
      "size": "large",
      "color": "blue",
      "material": "rubber",
      "shape": "cylinder",
      "rotation": 37.343159502539336
    },
    {
      "pixel_coords": [
        236,
        75,
        14.185565948486328
      ],
      "3d_coords": [
        -2.723173141479492,
        2.3684587478637695,
        0.699999988079071
      ],
      "size": "large",
      "color": "green",
      "material": "rubber",
      "shape": "cylinder",
      "rotation": 312.5418526544421
    },
    {
      "pixel_coords": [
        340,
        160,
        9.802461624145508
      ],
      "3d_coords": [
        2.2479355335235596,
        0.4688992500305176,
        0.699999988079071
      ],
      "size": "large",
      "color": "blue",
      "material": "rubber",
      "shape": "sphere",
      "rotation": 350.12625232489063
    },
    {
      "pixel_coords": [
        440,
        133,
        10.858580589294434
      ],
      "3d_coords": [
        2.904603958129883,
        2.944617509841919,
        0.699999988079071
      ],
      "size": "large",
      "color": "green",
      "material": "rubber",
      "shape": "cylinder",
      "rotation": 292.37414375476914
    }
  ],
  "image_index": 31,
  "image_filename": "CLEVR_new_000031.png"
}