{
  "directions": {
    "above": [
      0.0,
      0.0,
      1.0
    ],
    "left": [
      -0.6563112735748291,
      -0.7544902563095093,
      0.0
    ],
    "right": [
      0.6563112735748291,
      0.7544902563095093,
      -0.0
    ],
    "below": [
      -0.0,
      -0.0,
      -1.0
    ],
    "front": [
      0.754490315914154,
      -0.6563112735748291,
      -0.0
    ],
    "behind": [
      -0.754490315914154,
      0.6563112735748291,
      0.0
    ]
  },
  "relationships": {
    "left": [
      [
        8
      ],
      [
        0,
        3,
        6,
        7,
        8
      ],
      [
        0,
        1,
        3,
        4,
        5,
        6,
        7,
        8
      ],
      [
        0,
        8
      ],
      [
        0,
        1,
        3,
        6,
        7,
        8
      ],
      [
        0,
        1,
        3,
        4,
        6,
        7,
        8
      ],
      [
        0,
        3,
        8
      ],
      [
        0,
        3,
        6,
        8
      ],
      []
    ],
    "right": [
      [
        1,
        2,
        3,
        4,
        5,
        6,
        7
      ],
      [
        2,
        4,
        5
      ],
      [],
      [
        1,
        2,
        4,
        5,
        6,
        7
      ],
      [
        2,
        5
      ],
      [
        2
      ],
      [
        1,
        2,
        4,
        5,
        7
      ],
      [
        1,
        2,
        4,
        5
      ],
      [
        0,
        1,
        2,
        3,
        4,
        5,
        6,
        7
      ]
    ],
    "front": [
      [
        2,
        3,
        4,
        7,
        8
      ],
      [
        0,
        2,
        3,
        4,
        5,
        6,
        7,
        8
      ],
      [
        3,
        4,
        7
      ],
      [
        4,
        7
      ],
      [
        7
      ],
      [
        0,
        2,
        3,
        4,
        7,
        8
      ],
      [
        0,
        2,
        3,
        4,
        5,
        7,
        8
      ],
      [],
      [
        2,
        3,
        4,
        7
      ]
    ],
    "behind": [
      [
        1,
        5,
        6
      ],
      [],
      [
        0,
        1,
        5,
        6,
        8
      ],
      [
        0,
        1,
        2,
        5,
        6,
        8
      ],
      [
        0,
        1,
        2,
        3,
        5,
        6,
        8
      ],
      [
        1,
        6
      ],
      [
        1
      ],
      [
        0,
        1,
        2,
        3,
        4,
        5,
        6,
        8
      ],
      [
        0,
        1,
        5,
        6
      ]
    ]
  },
  "split": "new",
  "objects": [
    {
      "pixel_coords": [
        138,
        120,
        11.202502250671387
      ],
      "3d_coords": [
        -1.8220525979995728,
        -1.285169005393982,
        0.699999988079071
      ],
      "size": "large",
      "color": "blue",
      "material": "rubber",
      "shape": "sphere",
      "rotation": 140.88344721968852
    },
    {
      "pixel_coords": [
        248,
        70,
        14.177343368530273
      ],
      "3d_coords": [
        -2.758704900741577,
        2.7343807220458984,
        0.699999988079071
      ],
      "size": "large",
      "color": "blue",
      "material": "rubber",
      "shape": "cylinder",
      "rotation": 118.15198788759038
    },
    {
      "pixel_coords": [
        394,
        140,
        10.303162574768066
      ],
      "3d_coords": [
        2.383289337158203,
        1.9362101554870605,
        0.699999988079071
      ],
      "size": "large",
      "color": "green",
      "material": "rubber",
      "shape": "sphere",
      "rotation": 349.1040091501433
    },
    {
      "pixel_coords": [
        159,
        154,
        9.777624130249023
      ],
      "3d_coords": [
        -0.18292871117591858,
        -1.8638217449188232,
        0.699999988079071
      ],
      "size": "large",
      "color": "red",
      "material": "rubber",
      "shape": "sphere",
      "rotation": 142.91453995488348
    },
    {
      "pixel_coords": [
        285,
        202,
        8.30478286743164
      ],
      "3d_coords": [
        2.546321392059326,
        -1.2912718057632446,
        0.699999988079071
      ],
      "size": "large",
      "color": "green",
      "material": "rubber",
      "shape": "cylinder",
      "rotation": 221.66394208033762
    },
    {
      "pixel_coords": [
        315,
        111,
        11.65668773651123
      ],
      "3d_coords": [
        0.3355410695075989,
        1.9308271408081055,
        0.699999988079071
      ],
      "size": "large",
      "color": "blue",
      "material": "rubber",
      "shape": "cylinder",
      "rotation": 236.45450401971294
    },
    {
      "pixel_coords": [
        200,
        99,
        12.270456314086914
      ],
      "3d_coords": [
        -1.914446473121643,
        0.43367162346839905,
        0.699999988079071
      ],
      "size": "large",
      "color": "green",
      "material": "rubber",
      "shape": "sphere",
      "rotation": 345.98774445668676
    },
    {
      "pixel_coords": [
        215,
        254,
        7.158517837524414
      ],
      "3d_coords": [
        2.8128585815429688,
        -2.946833610534668,
        0.699999988079071
      ],
      "size": "large",
      "color": "blue",
      "material": "rubber",
      "shape": "cube",
      "rotation": 306.59809652602974
    },
    {
      "pixel_coords": [
        54,
        131,
        10.681204795837402
      ],
      "3d_coords": [
        -2.446896553039551,
        -2.881983757019043,
        0.699999988079071
      ],
      "size": "large",
      "color": "green",
      "material": "rubber",
      "shape": "cylinder",
      "rotation": 1.9794231498381443
    }
  ],
  "image_index": 13,
  "image_filename": "CLEVR_new_000013.png"
}