{
  "directions": {
    "above": [
      0.0,
      0.0,
      1.0
    ],
    "left": [
      -0.6563112735748291,
      -0.7544902563095093,
      0.0
    ],
    "right": [
      0.6563112735748291,
      0.7544902563095093,
      -0.0
    ],
    "below": [
      -0.0,
      -0.0,
      -1.0
    ],
    "front": [
      0.754490315914154,
      -0.6563112735748291,
      -0.0
    ],
    "behind": [
      -0.754490315914154,
      0.6563112735748291,
      0.0
    ]
  },
  "relationships": {
    "left": [
      [
        1,
        2,
        4,
        5,
        7
      ],
      [
        5
      ],
      [
        1,
        4,
        5
      ],
      [
        0,
        1,
        2,
        4,
        5,
        6,
        7
      ],
      [
        1,
        5
      ],
      [],
      [
        0,
        1,
        2,
        4,
        5,
        7
      ],
      [
        1,
        2,
        4,
        5
      ]
    ],
    "right": [
      [
        3,
        6
      ],
      [
        0,
        2,
        3,
        4,
        6,
        7
      ],
      [
        0,
        3,
        6,
        7
      ],
      [],
      [
        0,
        2,
        3,
        6,
        7
      ],
      [
        0,
        1,
        2,
        3,
        4,
        6,
        7
      ],
      [
        3
      ],
      [
        0,
        3,
        6
      ]
    ],
    "front": [
      [
        1,
        2,
        3,
        4,
        5,
        6,
        7
      ],
      [
        2,
        6
      ],
      [],
      [
        1,
        2,
        6,
        7
      ],
      [
        1,
        2,
        3,
        5,
        6,
        7
      ],
      [
        1,
        2,
        3,
        6,
        7
      ],
      [
        2
      ],
      [
        1,
        2,
        6
      ]
    ],
    "behind": [
      [],
      [
        0,
        3,
        4,
        5,
        7
      ],
      [
        0,
        1,
        3,
        4,
        5,
        6,
        7
      ],
      [
        0,
        4,
        5
      ],
      [
        0
      ],
      [
        0,
        4
      ],
      [
        0,
        1,
        3,
        4,
        5,
        7
      ],
      [
        0,
        3,
        4,
        5
      ]
    ]
  },
  "split": "new",
  "objects": [
    {
      "pixel_coords": [
        272,
        77,
        13.993090629577637
      ],
      "3d_coords": [
        -1.8240952491760254,
        2.7928035259246826,
        0.699999988079071
      ],
      "size": "large",
      "color": "blue",
      "material": "rubber",
      "shape": "cube",
      "rotation": 173.77077308497542
    },
    {
      "pixel_coords": [
        135,
        161,
        10.095911979675293
      ],
      "3d_coords": [
        -0.39855408668518066,
        -2.3418495655059814,
        0.699999988079071
      ],
      "size": "large",
      "color": "green",
      "material": "rubber",
      "shape": "sphere",
      "rotation": 158.81948166230393
    },
    {
      "pixel_coords": [
        207,
        213,
        8.600675582885742
      ],
      "3d_coords": [
        1.8641444444656372,
        -2.3950161933898926,
        0.699999988079071
      ],
      "size": "large",
      "color": "red",
      "material": "rubber",
      "shape": "cylinder",
      "rotation": 37.589372214116935
    },
    {
      "pixel_coords": [
        355,
        126,
        11.446172714233398
      ],
      "3d_coords": [
        1.4588727951049805,
        2.064084529876709,
        0.699999988079071
      ],
      "size": "large",
      "color": "red",
      "material": "rubber",
      "shape": "cylinder",
      "rotation": 270.64953044428376
    },
    {
      "pixel_coords": [
        187,
        110,
        12.178691864013672
      ],
      "3d_coords": [
        -1.671775460243225,
        -0.16902223229408264,
        0.699999988079071
      ],
      "size": "large",
      "color": "blue",
      "material": "rubber",
      "shape": "cube",
      "rotation": 118.93610734779433
    },
    {
      "pixel_coords": [
        75,
        118,
        11.78963565826416
      ],
      "3d_coords": [
        -2.9824607372283936,
        -2.30491042137146,
        0.699999988079071
      ],
      "size": "large",
      "color": "blue",
      "material": "rubber",
      "shape": "cylinder",
      "rotation": 54.488462484552784
    },
    {
      "pixel_coords": [
        334,
        180,
        9.495306968688965
      ],
      "3d_coords": [
        2.5951414108276367,
        -0.03403843939304352,
        0.699999988079071
      ],
      "size": "large",
      "color": "green",
      "material": "rubber",
      "shape": "cylinder",
      "rotation": 255.08695920974333
    },
    {
      "pixel_coords": [
        246,
        143,
        10.757052421569824
      ],
      "3d_coords": [
        0.45509445667266846,
        -0.24689538776874542,
        0.699999988079071
      ],
      "size": "large",
      "color": "green",
      "material": "rubber",
      "shape": "cube",
      "rotation": 281.2108284257239
    }
  ],
  "image_index": 14,
  "image_filename": "CLEVR_new_000014.png"
}