{
  "directions": {
    "above": [
      0.0,
      0.0,
      1.0
    ],
    "left": [
      -0.6563112735748291,
      -0.7544902563095093,
      0.0
    ],
    "right": [
      0.6563112735748291,
      0.7544902563095093,
      -0.0
    ],
    "below": [
      -0.0,
      -0.0,
      -1.0
    ],
    "front": [
      0.754490315914154,
      -0.6563112735748291,
      -0.0
    ],
    "behind": [
      -0.754490315914154,
      0.6563112735748291,
      0.0
    ]
  },
  "relationships": {
    "left": [
      [
        1,
        2,
        3,
        4,
        5,
        6,
        7,
        8
      ],
      [
        2,
        3,
        4,
        5,
        7,
        8
      ],
      [
        3,
        4,
        5,
        8
      ],
      [
        5
      ],
      [
        3,
        5,
        8
      ],
      [],
      [
        1,
        2,
        3,
        4,
        5,
        7,
        8
      ],
      [
        2,
        3,
        4,
        5,
        8
      ],
      [
        3,
        5
      ]
    ],
    "right": [
      [],
      [
        0,
        6
      ],
      [
        0,
        1,
        6,
        7
      ],
      [
        0,
        1,
        2,
        4,
        6,
        7,
        8
      ],
      [
        0,
        1,
        2,
        6,
        7
      ],
      [
        0,
        1,
        2,
        3,
        4,
        6,
        7,
        8
      ],
      [
        0
      ],
      [
        0,
        1,
        6
      ],
      [
        0,
        1,
        2,
        4,
        6,
        7
      ]
    ],
    "front": [
      [
        2,
        3,
        5,
        6,
        7,
        8
      ],
      [
        0,
        2,
        3,
        4,
        5,
        6,
        7,
        8
      ],
      [
        3,
        6,
        7,
        8
      ],
      [
        7,
        8
      ],
      [
        0,
        2,
        3,
        5,
        6,
        7,
        8
      ],
      [
        2,
        3,
        6,
        7,
        8
      ],
      [
        3,
        7,
        8
      ],
      [
        8
      ],
      []
    ],
    "behind": [
      [
        1,
        4
      ],
      [],
      [
        0,
        1,
        4,
        5
      ],
      [
        0,
        1,
        2,
        4,
        5,
        6
      ],
      [
        1
      ],
      [
        0,
        1,
        4
      ],
      [
        0,
        1,
        2,
        4,
        5
      ],
      [
        0,
        1,
        2,
        3,
        4,
        5,
        6
      ],
      [
        0,
        1,
        2,
        3,
        4,
        5,
        6,
        7
      ]
    ]
  },
  "split": "new",
  "objects": [
    {
      "pixel_coords": [
        385,
        111,
        11.399679183959961
      ],
      "3d_coords": [
        1.3842496871948242,
        2.972438097000122,
        0.699999988079071
      ],
      "size": "large",
      "color": "red",
      "material": "rubber",
      "shape": "cylinder",
      "rotation": 172.80262338037912
    },
    {
      "pixel_coords": [
        310,
        83,
        12.725116729736328
      ],
      "3d_coords": [
        -0.742995023727417,
        2.8870203495025635,
        0.699999988079071
      ],
      "size": "large",
      "color": "red",
      "material": "rubber",
      "shape": "cube",
      "rotation": 153.29563273238622
    },
    {
      "pixel_coords": [
        254,
        146,
        10.08669376373291
      ],
      "3d_coords": [
        0.6454177498817444,
        -0.20945793390274048,
        0.699999988079071
      ],
      "size": "large",
      "color": "green",
      "material": "rubber",
      "shape": "cube",
      "rotation": 247.5272056225087
    },
    {
      "pixel_coords": [
        136,
        173,
        9.25059700012207
      ],
      "3d_coords": [
        0.003469750052317977,
        -2.4324536323547363,
        0.699999988079071
      ],
      "size": "large",
      "color": "green",
      "material": "rubber",
      "shape": "cube",
      "rotation": 57.4168816962684
    },
    {
      "pixel_coords": [
        226,
        100,
        11.861457824707031
      ],
      "3d_coords": [
        -1.3008910417556763,
        0.7114989161491394,
        0.699999988079071
      ],
      "size": "large",
      "color": "red",
      "material": "rubber",
      "shape": "cylinder",
      "rotation": 141.22680714657625
    },
    {
      "pixel_coords": [
        124,
        124,
        10.86436653137207
      ],
      "3d_coords": [
        -1.788343071937561,
        -1.6203583478927612,
        0.699999988079071
      ],
      "size": "large",
      "color": "red",
      "material": "rubber",
      "shape": "cylinder",
      "rotation": 174.3024730530029
    },
    {
      "pixel_coords": [
        372,
        161,
        9.607043266296387
      ],
      "3d_coords": [
        2.4745359420776367,
        1.0372408628463745,
        0.699999988079071
      ],
      "size": "large",
      "color": "blue",
      "material": "rubber",
      "shape": "cube",
      "rotation": 52.60018650562925
    },
    {
      "pixel_coords": [
        299,
        194,
        8.69897174835205
      ],
      "3d_coords": [
        2.335628032684326,
        -0.7363484501838684,
        0.699999988079071
      ],
      "size": "large",
      "color": "red",
      "material": "rubber",
      "shape": "sphere",
      "rotation": 317.12995878437755
    },
    {
      "pixel_coords": [
        186,
        248,
        7.5321431159973145
      ],
      "3d_coords": [
        2.210411310195923,
        -2.9541821479797363,
        0.699999988079071
      ],
      "size": "large",
      "color": "green",
      "material": "rubber",
      "shape": "sphere",
      "rotation": 45.69726923250546
    }
  ],
  "image_index": 87,
  "image_filename": "CLEVR_new_000087.png"
}