{
  "directions": {
    "above": [
      0.0,
      0.0,
      1.0
    ],
    "left": [
      -0.6563112735748291,
      -0.7544902563095093,
      0.0
    ],
    "right": [
      0.6563112735748291,
      0.7544902563095093,
      -0.0
    ],
    "below": [
      -0.0,
      -0.0,
      -1.0
    ],
    "front": [
      0.754490315914154,
      -0.6563112735748291,
      -0.0
    ],
    "behind": [
      -0.754490315914154,
      0.6563112735748291,
      0.0
    ]
  },
  "relationships": {
    "left": [
      [
        1,
        2,
        3,
        4,
        5,
        6
      ],
      [
        2,
        4,
        6
      ],
      [
        4,
        6
      ],
      [
        1,
        2,
        4,
        6
      ],
      [],
      [
        1,
        2,
        3,
        4,
        6
      ],
      [
        4
      ]
    ],
    "right": [
      [],
      [
        0,
        3,
        5
      ],
      [
        0,
        1,
        3,
        5
      ],
      [
        0,
        5
      ],
      [
        0,
        1,
        2,
        3,
        5,
        6
      ],
      [
        0
      ],
      [
        0,
        1,
        2,
        3,
        5
      ]
    ],
    "front": [
      [
        2,
        4,
        5
      ],
      [
        0,
        2,
        4,
        5
      ],
      [],
      [
        0,
        1,
        2,
        4,
        5,
        6
      ],
      [
        2,
        5
      ],
      [
        2
      ],
      [
        0,
        1,
        2,
        4,
        5
      ]
    ],
    "behind": [
      [
        1,
        3,
        6
      ],
      [
        3,
        6
      ],
      [
        0,
        1,
        3,
        4,
        5,
        6
      ],
      [],
      [
        0,
        1,
        3,
        6
      ],
      [
        0,
        1,
        3,
        4,
        6
      ],
      [
        3
      ]
    ]
  },
  "split": "new",
  "objects": [
    {
      "pixel_coords": [
        386,
        118,
        11.338037490844727
      ],
      "3d_coords": [
        1.4277082681655884,
        2.8915183544158936,
        0.699999988079071
      ],
      "size": "large",
      "color": "blue",
      "material": "rubber",
      "shape": "cube",
      "rotation": 312.7227814562232
    },
    {
      "pixel_coords": [
        224,
        105,
        11.971957206726074
      ],
      "3d_coords": [
        -1.2881965637207031,
        0.5400714874267578,
        0.699999988079071
      ],
      "size": "large",
      "color": "green",
      "material": "rubber",
      "shape": "cube",
      "rotation": 277.3876036082144
    },
    {
      "pixel_coords": [
        144,
        161,
        9.539316177368164
      ],
      "3d_coords": [
        0.034495431929826736,
        -2.2376465797424316,
        0.699999988079071
      ],
      "size": "large",
      "color": "blue",
      "material": "rubber",
      "shape": "sphere",
      "rotation": 221.46547334683376
    },
    {
      "pixel_coords": [
        257,
        77,
        13.75550365447998
      ],
      "3d_coords": [
        -2.388611316680908,
        2.407172918319702,
        0.699999988079071
      ],
      "size": "large",
      "color": "green",
      "material": "rubber",
      "shape": "sphere",
      "rotation": 325.1742567859893
    },
    {
      "pixel_coords": [
        67,
        119,
        11.26427936553955
      ],
      "3d_coords": [
        -2.7069272994995117,
        -2.6070048809051514,
        0.699999988079071
      ],
      "size": "large",
      "color": "green",
      "material": "rubber",
      "shape": "cube",
      "rotation": 68.36897282219756
    },
    {
      "pixel_coords": [
        350,
        153,
        9.828752517700195
      ],
      "3d_coords": [
        2.097447156906128,
        0.9724321365356445,
        0.699999988079071
      ],
      "size": "large",
      "color": "green",
      "material": "rubber",
      "shape": "sphere",
      "rotation": 25.966291473619204
    },
    {
      "pixel_coords": [
        142,
        97,
        12.476825714111328
      ],
      "3d_coords": [
        -2.936525583267212,
        -0.6651741862297058,
        0.699999988079071
      ],
      "size": "large",
      "color": "red",
      "material": "rubber",
      "shape": "cylinder",
      "rotation": 123.40593518899418
    }
  ],
  "image_index": 86,
  "image_filename": "CLEVR_new_000086.png"
}