{
  "directions": {
    "above": [
      0.0,
      0.0,
      1.0
    ],
    "left": [
      -0.6563112735748291,
      -0.7544902563095093,
      0.0
    ],
    "right": [
      0.6563112735748291,
      0.7544902563095093,
      -0.0
    ],
    "below": [
      -0.0,
      -0.0,
      -1.0
    ],
    "front": [
      0.754490315914154,
      -0.6563112735748291,
      -0.0
    ],
    "behind": [
      -0.754490315914154,
      0.6563112735748291,
      0.0
    ]
  },
  "relationships": {
    "left": [
      [
        3
      ],
      [
        0,
        2,
        3,
        4,
        5,
        6
      ],
      [
        0,
        3
      ],
      [],
      [
        0,
        2,
        3,
        5
      ],
      [
        0,
        2,
        3
      ],
      [
        0,
        2,
        3,
        4,
        5
      ]
    ],
    "right": [
      [
        1,
        2,
        4,
        5,
        6
      ],
      [],
      [
        1,
        4,
        5,
        6
      ],
      [
        0,
        1,
        2,
        4,
        5,
        6
      ],
      [
        1,
        6
      ],
      [
        1,
        4,
        6
      ],
      [
        1
      ]
    ],
    "front": [
      [
        4
      ],
      [
        0,
        2,
        3,
        4
      ],
      [
        0,
        4
      ],
      [
        0,
        2,
        4
      ],
      [],
      [
        0,
        1,
        2,
        3,
        4
      ],
      [
        0,
        1,
        2,
        3,
        4,
        5
      ]
    ],
    "behind": [
      [
        1,
        2,
        3,
        5,
        6
      ],
      [
        5,
        6
      ],
      [
        1,
        3,
        5,
        6
      ],
      [
        1,
        5,
        6
      ],
      [
        0,
        1,
        2,
        3,
        5,
        6
      ],
      [
        6
      ],
      []
    ]
  },
  "split": "new",
  "objects": [
    {
      "pixel_coords": [
        144,
        196,
        8.290831565856934
      ],
      "3d_coords": [
        0.8348738551139832,
        -2.878929853439331,
        0.699999988079071
      ],
      "size": "large",
      "color": "green",
      "material": "rubber",
      "shape": "cube",
      "rotation": 196.6183449164395
    },
    {
      "pixel_coords": [
        306,
        117,
        11.171784400939941
      ],
      "3d_coords": [
        0.4784035086631775,
        1.4687728881835938,
        0.699999988079071
      ],
      "size": "large",
      "color": "blue",
      "material": "rubber",
      "shape": "cube",
      "rotation": 71.75859800810015
    },
    {
      "pixel_coords": [
        196,
        144,
        9.98149299621582
      ],
      "3d_coords": [
        -0.07554328441619873,
        -1.0699559450149536,
        0.699999988079071
      ],
      "size": "large",
      "color": "blue",
      "material": "rubber",
      "shape": "sphere",
      "rotation": 349.88390337374267
    },
    {
      "pixel_coords": [
        93,
        130,
        10.564020156860352
      ],
      "3d_coords": [
        -2.0074384212493896,
        -2.159972906112671,
        0.699999988079071
      ],
      "size": "large",
      "color": "green",
      "material": "rubber",
      "shape": "cube",
      "rotation": 188.92747581940498
    },
    {
      "pixel_coords": [
        256,
        217,
        7.747483253479004
      ],
      "3d_coords": [
        2.488173007965088,
        -2.019623279571533,
        0.699999988079071
      ],
      "size": "large",
      "color": "red",
      "material": "rubber",
      "shape": "cube",
      "rotation": 46.5741349445228
    },
    {
      "pixel_coords": [
        221,
        108,
        11.577969551086426
      ],
      "3d_coords": [
        -1.104187250137329,
        0.45936697721481323,
        0.699999988079071
      ],
      "size": "large",
      "color": "red",
      "material": "rubber",
      "shape": "sphere",
      "rotation": 94.09052305286859
    },
    {
      "pixel_coords": [
        273,
        78,
        13.457287788391113
      ],
      "3d_coords": [
        -1.7621369361877441,
        2.845064878463745,
        0.699999988079071
      ],
      "size": "large",
      "color": "green",
      "material": "rubber",
      "shape": "cube",
      "rotation": 130.59031876120795
    }
  ],
  "image_index": 25,
  "image_filename": "CLEVR_new_000025.png"
}