{
  "directions": {
    "above": [
      0.0,
      0.0,
      1.0
    ],
    "left": [
      -0.6563112735748291,
      -0.7544902563095093,
      0.0
    ],
    "right": [
      0.6563112735748291,
      0.7544902563095093,
      -0.0
    ],
    "below": [
      -0.0,
      -0.0,
      -1.0
    ],
    "front": [
      0.754490315914154,
      -0.6563112735748291,
      -0.0
    ],
    "behind": [
      -0.754490315914154,
      0.6563112735748291,
      0.0
    ]
  },
  "relationships": {
    "left": [
      [
        1,
        2,
        4,
        5
      ],
      [],
      [
        1,
        4,
        5
      ],
      [
        0,
        1,
        2,
        4,
        5
      ],
      [
        1
      ],
      [
        1,
        4
      ]
    ],
    "right": [
      [
        3
      ],
      [
        0,
        2,
        3,
        4,
        5
      ],
      [
        0,
        3
      ],
      [],
      [
        0,
        2,
        3,
        5
      ],
      [
        0,
        2,
        3
      ]
    ],
    "front": [
      [
        2,
        3,
        5
      ],
      [
        0,
        2,
        3,
        5
      ],
      [
        5
      ],
      [
        2,
        5
      ],
      [
        0,
        1,
        2,
        3,
        5
      ],
      []
    ],
    "behind": [
      [
        1,
        4
      ],
      [
        4
      ],
      [
        0,
        1,
        3,
        4
      ],
      [
        0,
        1,
        4
      ],
      [],
      [
        0,
        1,
        2,
        3,
        4
      ]
    ]
  },
  "split": "new",
  "objects": [
    {
      "pixel_coords": [
        353,
        118,
        11.986688613891602
      ],
      "3d_coords": [
        1.070753812789917,
        2.4466466903686523,
        0.699999988079071
      ],
      "size": "large",
      "color": "blue",
      "material": "rubber",
      "shape": "cube",
      "rotation": 153.6178185808512
    },
    {
      "pixel_coords": [
        132,
        107,
        12.51645565032959
      ],
      "3d_coords": [
        -2.659886598587036,
        -1.1392061710357666,
        0.699999988079071
      ],
      "size": "large",
      "color": "green",
      "material": "rubber",
      "shape": "sphere",
      "rotation": 348.97660497006154
    },
    {
      "pixel_coords": [
        309,
        181,
        9.604043960571289
      ],
      "3d_coords": [
        2.363445520401001,
        -0.30282270908355713,
        0.699999988079071
      ],
      "size": "large",
      "color": "green",
      "material": "rubber",
      "shape": "sphere",
      "rotation": 247.01754446668858
    },
    {
      "pixel_coords": [
        410,
        152,
        10.582000732421875
      ],
      "3d_coords": [
        2.861393451690674,
        2.0794484615325928,
        0.699999988079071
      ],
      "size": "large",
      "color": "green",
      "material": "rubber",
      "shape": "cylinder",
      "rotation": 172.1284141038384
    },
    {
      "pixel_coords": [
        204,
        93,
        13.267831802368164
      ],
      "3d_coords": [
        -2.2831733226776123,
        0.6839717030525208,
        0.699999988079071
      ],
      "size": "large",
      "color": "red",
      "material": "rubber",
      "shape": "cube",
      "rotation": 144.04238043554454
    },
    {
      "pixel_coords": [
        252,
        239,
        8.14808464050293
      ],
      "3d_coords": [
        2.974771022796631,
        -2.200641632080078,
        0.699999988079071
      ],
      "size": "large",
      "color": "blue",
      "material": "rubber",
      "shape": "cylinder",
      "rotation": 61.74877532485021
    }
  ],
  "image_index": 9,
  "image_filename": "CLEVR_new_000009.png"
}