{
  "directions": {
    "above": [
      0.0,
      0.0,
      1.0
    ],
    "left": [
      -0.6563112735748291,
      -0.7544902563095093,
      0.0
    ],
    "right": [
      0.6563112735748291,
      0.7544902563095093,
      -0.0
    ],
    "below": [
      -0.0,
      -0.0,
      -1.0
    ],
    "front": [
      0.754490315914154,
      -0.6563112735748291,
      -0.0
    ],
    "behind": [
      -0.754490315914154,
      0.6563112735748291,
      0.0
    ]
  },
  "relationships": {
    "left": [
      [
        1,
        4
      ],
      [],
      [
        0,
        1,
        3,
        4,
        6
      ],
      [
        0,
        1,
        4,
        6
      ],
      [
        1
      ],
      [
        0,
        1,
        2,
        3,
        4,
        6
      ],
      [
        0,
        1,
        4
      ],
      [
        0,
        1,
        2,
        3,
        4,
        5,
        6
      ],
      [
        0,
        1,
        2,
        3,
        4,
        5,
        6,
        7
      ]
    ],
    "right": [
      [
        2,
        3,
        5,
        6,
        7,
        8
      ],
      [
        0,
        2,
        3,
        4,
        5,
        6,
        7,
        8
      ],
      [
        5,
        7,
        8
      ],
      [
        2,
        5,
        7,
        8
      ],
      [
        0,
        2,
        3,
        5,
        6,
        7,
        8
      ],
      [
        7,
        8
      ],
      [
        2,
        3,
        5,
        7,
        8
      ],
      [
        8
      ],
      []
    ],
    "front": [
      [
        2
      ],
      [
        0,
        2,
        4,
        5,
        8
      ],
      [],
      [
        0,
        1,
        2,
        4,
        5,
        8
      ],
      [
        0,
        2
      ],
      [
        0,
        2,
        4
      ],
      [
        0,
        1,
        2,
        3,
        4,
        5,
        7,
        8
      ],
      [
        0,
        1,
        2,
        3,
        4,
        5,
        8
      ],
      [
        0,
        2,
        4,
        5
      ]
    ],
    "behind": [
      [
        1,
        3,
        4,
        5,
        6,
        7,
        8
      ],
      [
        3,
        6,
        7
      ],
      [
        0,
        1,
        3,
        4,
        5,
        6,
        7,
        8
      ],
      [
        6,
        7
      ],
      [
        1,
        3,
        5,
        6,
        7,
        8
      ],
      [
        1,
        3,
        6,
        7,
        8
      ],
      [],
      [
        6
      ],
      [
        1,
        3,
        6,
        7
      ]
    ]
  },
  "split": "new",
  "objects": [
    {
      "pixel_coords": [
        169,
        206,
        8.214488983154297
      ],
      "3d_coords": [
        1.2987390756607056,
        -2.62727952003479,
        0.699999988079071
      ],
      "size": "large",
      "color": "red",
      "material": "rubber",
      "shape": "cube",
      "rotation": 171.65400992082044
    },
    {
      "pixel_coords": [
        73,
        119,
        11.019296646118164
      ],
      "3d_coords": [
        -2.6932129859924316,
        -2.299793004989624,
        0.699999988079071
      ],
      "size": "large",
      "color": "red",
      "material": "rubber",
      "shape": "cylinder",
      "rotation": 4.495098823652652
    },
    {
      "pixel_coords": [
        279,
        233,
        7.598247528076172
      ],
      "3d_coords": [
        2.942262649536133,
        -1.8278614282608032,
        0.699999988079071
      ],
      "size": "large",
      "color": "green",
      "material": "rubber",
      "shape": "cube",
      "rotation": 111.80877195326481
    },
    {
      "pixel_coords": [
        238,
        102,
        11.798248291015625
      ],
      "3d_coords": [
        -1.080140233039856,
        0.8854305148124695,
        0.699999988079071
      ],
      "size": "large",
      "color": "red",
      "material": "rubber",
      "shape": "sphere",
      "rotation": 126.47064654019641
    },
    {
      "pixel_coords": [
        120,
        162,
        9.42719554901123
      ],
      "3d_coords": [
        -0.4333840310573578,
        -2.492658853530884,
        0.699999988079071
      ],
      "size": "large",
      "color": "red",
      "material": "rubber",
      "shape": "cylinder",
      "rotation": 10.543552028491483
    },
    {
      "pixel_coords": [
        313,
        143,
        10.064802169799805
      ],
      "3d_coords": [
        1.3640354871749878,
        0.6569358706474304,
        0.699999988079071
      ],
      "size": "large",
      "color": "green",
      "material": "rubber",
      "shape": "cube",
      "rotation": 301.2121454308597
    },
    {
      "pixel_coords": [
        215,
        76,
        13.308921813964844
      ],
      "3d_coords": [
        -2.7602837085723877,
        1.5960676670074463,
        0.699999988079071
      ],
      "size": "large",
      "color": "blue",
      "material": "rubber",
      "shape": "cylinder",
      "rotation": 323.617176778098
    },
    {
      "pixel_coords": [
        328,
        95,
        12.180401802062988
      ],
      "3d_coords": [
        -0.03207729011774063,
        2.7399277687072754,
        0.699999988079071
      ],
      "size": "large",
      "color": "blue",
      "material": "rubber",
      "shape": "sphere",
      "rotation": 289.33961051843994
    },
    {
      "pixel_coords": [
        427,
        130,
        10.558164596557617
      ],
      "3d_coords": [
        2.4985196590423584,
        2.8026111125946045,
        0.699999988079071
      ],
      "size": "large",
      "color": "red",
      "material": "rubber",
      "shape": "cylinder",
      "rotation": 336.1479875638625
    }
  ],
  "image_index": 52,
  "image_filename": "CLEVR_new_000052.png"
}