{
  "directions": {
    "above": [
      0.0,
      0.0,
      1.0
    ],
    "left": [
      -0.6563112735748291,
      -0.7544902563095093,
      0.0
    ],
    "right": [
      0.6563112735748291,
      0.7544902563095093,
      -0.0
    ],
    "below": [
      -0.0,
      -0.0,
      -1.0
    ],
    "front": [
      0.754490315914154,
      -0.6563112735748291,
      -0.0
    ],
    "behind": [
      -0.754490315914154,
      0.6563112735748291,
      0.0
    ]
  },
  "relationships": {
    "left": [
      [
        1,
        3,
        4,
        5
      ],
      [
        3,
        4
      ],
      [
        0,
        1,
        3,
        4,
        5
      ],
      [
        4
      ],
      [],
      [
        1,
        3,
        4
      ],
      [
        0,
        1,
        2,
        3,
        4,
        5
      ]
    ],
    "right": [
      [
        2,
        6
      ],
      [
        0,
        2,
        5,
        6
      ],
      [
        6
      ],
      [
        0,
        1,
        2,
        5,
        6
      ],
      [
        0,
        1,
        2,
        3,
        5,
        6
      ],
      [
        0,
        2,
        6
      ],
      []
    ],
    "front": [
      [
        1,
        4
      ],
      [],
      [
        0,
        1,
        3,
        4,
        6
      ],
      [
        0,
        1,
        4,
        6
      ],
      [
        1
      ],
      [
        0,
        1,
        2,
        3,
        4,
        6
      ],
      [
        0,
        1,
        4
      ]
    ],
    "behind": [
      [
        2,
        3,
        5,
        6
      ],
      [
        0,
        2,
        3,
        4,
        5,
        6
      ],
      [
        5
      ],
      [
        2,
        5
      ],
      [
        0,
        2,
        3,
        5,
        6
      ],
      [],
      [
        2,
        3,
        5
      ]
    ]
  },
  "split": "new",
  "objects": [
    {
      "pixel_coords": [
        261,
        157,
        10.127457618713379
      ],
      "3d_coords": [
        1.0921162366867065,
        -0.36750030517578125,
        0.699999988079071
      ],
      "size": "large",
      "color": "red",
      "material": "rubber",
      "shape": "cylinder",
      "rotation": 319.1818410564463
    },
    {
      "pixel_coords": [
        203,
        216,
        8.46439266204834
      ],
      "3d_coords": [
        1.9583706855773926,
        -2.358572244644165,
        0.699999988079071
      ],
      "size": "large",
      "color": "blue",
      "material": "rubber",
      "shape": "cylinder",
      "rotation": 269.8045930943525
    },
    {
      "pixel_coords": [
        310,
        104,
        12.28458023071289
      ],
      "3d_coords": [
        -0.07608304917812347,
        2.1599082946777344,
        0.699999988079071
      ],
      "size": "large",
      "color": "blue",
      "material": "rubber",
      "shape": "cylinder",
      "rotation": 39.4919416236977
    },
    {
      "pixel_coords": [
        176,
        120,
        11.549433708190918
      ],
      "3d_coords": [
        -1.3202005624771118,
        -0.7326275110244751,
        0.699999988079071
      ],
      "size": "large",
      "color": "blue",
      "material": "rubber",
      "shape": "cube",
      "rotation": 25.537685515902275
    },
    {
      "pixel_coords": [
        121,
        182,
        9.358206748962402
      ],
      "3d_coords": [
        0.1946403980255127,
        -2.8940956592559814,
        0.699999988079071
      ],
      "size": "large",
      "color": "red",
      "material": "rubber",
      "shape": "sphere",
      "rotation": 37.8216494405611
    },
    {
      "pixel_coords": [
        241,
        79,
        13.618983268737793
      ],
      "3d_coords": [
        -2.2848424911499023,
        1.8852880001068115,
        0.699999988079071
      ],
      "size": "large",
      "color": "green",
      "material": "rubber",
      "shape": "sphere",
      "rotation": 158.90294375822765
    },
    {
      "pixel_coords": [
        371,
        138,
        10.793050765991211
      ],
      "3d_coords": [
        1.9393712282180786,
        1.9060972929000854,
        0.699999988079071
      ],
      "size": "large",
      "color": "blue",
      "material": "rubber",
      "shape": "cylinder",
      "rotation": 48.65038384302973
    }
  ],
  "image_index": 60,
  "image_filename": "CLEVR_new_000060.png"
}