{
  "directions": {
    "above": [
      0.0,
      0.0,
      1.0
    ],
    "left": [
      -0.6563112735748291,
      -0.7544902563095093,
      0.0
    ],
    "right": [
      0.6563112735748291,
      0.7544902563095093,
      -0.0
    ],
    "below": [
      -0.0,
      -0.0,
      -1.0
    ],
    "front": [
      0.754490315914154,
      -0.6563112735748291,
      -0.0
    ],
    "behind": [
      -0.754490315914154,
      0.6563112735748291,
      0.0
    ]
  },
  "relationships": {
    "left": [
      [
        2,
        4,
        6,
        7
      ],
      [
        0,
        2,
        4,
        5,
        6,
        7
      ],
      [
        7
      ],
      [
        0,
        1,
        2,
        4,
        5,
        6,
        7
      ],
      [
        2,
        7
      ],
      [
        0,
        2,
        4,
        6,
        7
      ],
      [
        2,
        4,
        7
      ],
      []
    ],
    "right": [
      [
        1,
        3,
        5
      ],
      [
        3
      ],
      [
        0,
        1,
        3,
        4,
        5,
        6
      ],
      [],
      [
        0,
        1,
        3,
        5,
        6
      ],
      [
        1,
        3
      ],
      [
        0,
        1,
        3,
        5
      ],
      [
        0,
        1,
        2,
        3,
        4,
        5,
        6
      ]
    ],
    "front": [
      [
        1,
        2,
        3,
        4,
        5,
        6,
        7
      ],
      [
        3,
        4,
        5,
        6,
        7
      ],
      [
        1,
        3,
        4,
        5,
        6,
        7
      ],
      [
        5,
        6
      ],
      [
        3,
        5,
        6
      ],
      [
        6
      ],
      [],
      [
        3,
        4,
        5,
        6
      ]
    ],
    "behind": [
      [],
      [
        0,
        2
      ],
      [
        0
      ],
      [
        0,
        1,
        2,
        4,
        7
      ],
      [
        0,
        1,
        2,
        7
      ],
      [
        0,
        1,
        2,
        3,
        4,
        7
      ],
      [
        0,
        1,
        2,
        3,
        4,
        5,
        7
      ],
      [
        0,
        1,
        2
      ]
    ]
  },
  "split": "new",
  "objects": [
    {
      "pixel_coords": [
        264,
        84,
        12.772967338562012
      ],
      "3d_coords": [
        -1.4937362670898438,
        2.1494667530059814,
        0.699999988079071
      ],
      "size": "large",
      "color": "green",
      "material": "rubber",
      "shape": "cube",
      "rotation": 77.97079488578449
    },
    {
      "pixel_coords": [
        353,
        118,
        11.046310424804688
      ],
      "3d_coords": [
        1.1746493577957153,
        2.1568706035614014,
        0.699999988079071
      ],
      "size": "large",
      "color": "blue",
      "material": "rubber",
      "shape": "sphere",
      "rotation": 350.70434944823637
    },
    {
      "pixel_coords": [
        175,
        111,
        11.334020614624023
      ],
      "3d_coords": [
        -1.6208418607711792,
        -0.4384279251098633,
        0.699999988079071
      ],
      "size": "large",
      "color": "blue",
      "material": "rubber",
      "shape": "sphere",
      "rotation": 331.9825960809997
    },
    {
      "pixel_coords": [
        411,
        155,
        9.595800399780273
      ],
      "3d_coords": [
        2.8978993892669678,
        1.591088056564331,
        0.699999988079071
      ],
      "size": "large",
      "color": "red",
      "material": "rubber",
      "shape": "sphere",
      "rotation": 193.4024489578791
    },
    {
      "pixel_coords": [
        207,
        145,
        9.935111999511719
      ],
      "3d_coords": [
        0.09491457790136337,
        -0.9247071146965027,
        0.699999988079071
      ],
      "size": "large",
      "color": "green",
      "material": "rubber",
      "shape": "cylinder",
      "rotation": 301.2231362608039
    },
    {
      "pixel_coords": [
        302,
        169,
        9.150189399719238
      ],
      "3d_coords": [
        1.9030375480651855,
        -0.2646773159503937,
        0.699999988079071
      ],
      "size": "large",
      "color": "blue",
      "material": "rubber",
      "shape": "cylinder",
      "rotation": 161.19488619936132
    },
    {
      "pixel_coords": [
        252,
        214,
        7.939272403717041
      ],
      "3d_coords": [
        2.3220531940460205,
        -1.862076759338379,
        0.699999988079071
      ],
      "size": "large",
      "color": "blue",
      "material": "rubber",
      "shape": "cylinder",
      "rotation": 95.5343734946863
    },
    {
      "pixel_coords": [
        68,
        136,
        10.273938179016113
      ],
      "3d_coords": [
        -2.0359740257263184,
        -2.6997015476226807,
        0.699999988079071
      ],
      "size": "large",
      "color": "blue",
      "material": "rubber",
      "shape": "cylinder",
      "rotation": 94.81793223921665
    }
  ],
  "image_index": 18,
  "image_filename": "CLEVR_new_000018.png"
}