{
  "directions": {
    "above": [
      0.0,
      0.0,
      1.0
    ],
    "left": [
      -0.6563112735748291,
      -0.7544902563095093,
      0.0
    ],
    "right": [
      0.6563112735748291,
      0.7544902563095093,
      -0.0
    ],
    "below": [
      -0.0,
      -0.0,
      -1.0
    ],
    "front": [
      0.754490315914154,
      -0.6563112735748291,
      -0.0
    ],
    "behind": [
      -0.754490315914154,
      0.6563112735748291,
      0.0
    ]
  },
  "relationships": {
    "left": [
      [
        2,
        3,
        4,
        5,
        6,
        8
      ],
      [
        0,
        2,
        3,
        4,
        5,
        6,
        8
      ],
      [],
      [
        2,
        5,
        8
      ],
      [
        2,
        3,
        5,
        6,
        8
      ],
      [
        2
      ],
      [
        2,
        3,
        5,
        8
      ],
      [
        0,
        1,
        2,
        3,
        4,
        5,
        6,
        8
      ],
      [
        2,
        5
      ]
    ],
    "right": [
      [
        1,
        7
      ],
      [
        7
      ],
      [
        0,
        1,
        3,
        4,
        5,
        6,
        7,
        8
      ],
      [
        0,
        1,
        4,
        6,
        7
      ],
      [
        0,
        1,
        7
      ],
      [
        0,
        1,
        3,
        4,
        6,
        7,
        8
      ],
      [
        0,
        1,
        4,
        7
      ],
      [],
      [
        0,
        1,
        3,
        4,
        6,
        7
      ]
    ],
    "front": [
      [
        1,
        2,
        3,
        5,
        6,
        7
      ],
      [
        2,
        3,
        5,
        6,
        7
      ],
      [
        3,
        5,
        6,
        7
      ],
      [],
      [
        0,
        1,
        2,
        3,
        5,
        6,
        7,
        8
      ],
      [
        3
      ],
      [
        3,
        5
      ],
      [
        3,
        5,
        6
      ],
      [
        0,
        1,
        2,
        3,
        5,
        6,
        7
      ]
    ],
    "behind": [
      [
        4,
        8
      ],
      [
        0,
        4,
        8
      ],
      [
        0,
        1,
        4,
        8
      ],
      [
        0,
        1,
        2,
        4,
        5,
        6,
        7,
        8
      ],
      [],
      [
        0,
        1,
        2,
        4,
        6,
        7,
        8
      ],
      [
        0,
        1,
        2,
        4,
        7,
        8
      ],
      [
        0,
        1,
        2,
        4,
        8
      ],
      [
        4
      ]
    ]
  },
  "split": "new",
  "objects": [
    {
      "pixel_coords": [
        297,
        97,
        12.678583145141602
      ],
      "3d_coords": [
        -0.4507659673690796,
        2.3295507431030273,
        0.699999988079071
      ],
      "size": "large",
      "color": "red",
      "material": "rubber",
      "shape": "sphere",
      "rotation": 301.2726616921326
    },
    {
      "pixel_coords": [
        364,
        114,
        11.759618759155273
      ],
      "3d_coords": [
        1.27031409740448,
        2.631784200668335,
        0.699999988079071
      ],
      "size": "large",
      "color": "blue",
      "material": "rubber",
      "shape": "sphere",
      "rotation": 245.04780362593942
    },
    {
      "pixel_coords": [
        110,
        131,
        10.920031547546387
      ],
      "3d_coords": [
        -1.8298183679580688,
        -1.9921387434005737,
        0.699999988079071
      ],
      "size": "large",
      "color": "red",
      "material": "rubber",
      "shape": "cylinder",
      "rotation": 303.7496794065662
    },
    {
      "pixel_coords": [
        207,
        221,
        7.989142894744873
      ],
      "3d_coords": [
        2.086517810821533,
        -2.677560329437256,
        0.699999988079071
      ],
      "size": "large",
      "color": "red",
      "material": "rubber",
      "shape": "cube",
      "rotation": 36.00915940289993
    },
    {
      "pixel_coords": [
        254,
        77,
        14.021444320678711
      ],
      "3d_coords": [
        -2.246568441390991,
        2.6420912742614746,
        0.699999988079071
      ],
      "size": "large",
      "color": "red",
      "material": "rubber",
      "shape": "sphere",
      "rotation": 245.94544976967663
    },
    {
      "pixel_coords": [
        142,
        181,
        9.097184181213379
      ],
      "3d_coords": [
        0.356758177280426,
        -2.679727554321289,
        0.699999988079071
      ],
      "size": "large",
      "color": "red",
      "material": "rubber",
      "shape": "cube",
      "rotation": 316.50097639373837
    },
    {
      "pixel_coords": [
        249,
        158,
        9.847825050354004
      ],
      "3d_coords": [
        1.0238838195800781,
        -0.7527107000350952,
        0.699999988079071
      ],
      "size": "large",
      "color": "red",
      "material": "rubber",
      "shape": "sphere",
      "rotation": 322.5805377951141
    },
    {
      "pixel_coords": [
        420,
        143,
        10.436732292175293
      ],
      "3d_coords": [
        2.895556926727295,
        2.173041820526123,
        0.699999988079071
      ],
      "size": "large",
      "color": "blue",
      "material": "rubber",
      "shape": "sphere",
      "rotation": 354.5290088313889
    },
    {
      "pixel_coords": [
        183,
        90,
        13.099594116210938
      ],
      "3d_coords": [
        -2.7326395511627197,
        0.6249929666519165,
        0.699999988079071
      ],
      "size": "large",
      "color": "red",
      "material": "rubber",
      "shape": "sphere",
      "rotation": 136.15013627471797
    }
  ],
  "image_index": 68,
  "image_filename": "CLEVR_new_000068.png"
}