{
  "directions": {
    "above": [
      0.0,
      0.0,
      1.0
    ],
    "left": [
      -0.6563112735748291,
      -0.7544902563095093,
      0.0
    ],
    "right": [
      0.6563112735748291,
      0.7544902563095093,
      -0.0
    ],
    "below": [
      -0.0,
      -0.0,
      -1.0
    ],
    "front": [
      0.754490315914154,
      -0.6563112735748291,
      -0.0
    ],
    "behind": [
      -0.754490315914154,
      0.6563112735748291,
      0.0
    ]
  },
  "relationships": {
    "left": [
      [
        3,
        4,
        5
      ],
      [
        0,
        2,
        3,
        4,
        5
      ],
      [
        0,
        3,
        4,
        5
      ],
      [],
      [
        3,
        5
      ],
      [
        3
      ]
    ],
    "right": [
      [
        1,
        2
      ],
      [],
      [
        1
      ],
      [
        0,
        1,
        2,
        4,
        5
      ],
      [
        0,
        1,
        2
      ],
      [
        0,
        1,
        2,
        4
      ]
    ],
    "front": [
      [
        1,
        3,
        4
      ],
      [
        4
      ],
      [
        0,
        1,
        3,
        4,
        5
      ],
      [
        1,
        4
      ],
      [],
      [
        0,
        1,
        3,
        4
      ]
    ],
    "behind": [
      [
        2,
        5
      ],
      [
        0,
        2,
        3,
        5
      ],
      [],
      [
        0,
        2,
        5
      ],
      [
        0,
        1,
        2,
        3,
        5
      ],
      [
        2
      ]
    ]
  },
  "split": "new",
  "objects": [
    {
      "pixel_coords": [
        245,
        103,
        12.503946304321289
      ],
      "3d_coords": [
        -1.1529440879821777,
        1.2249910831451416,
        0.699999988079071
      ],
      "size": "large",
      "color": "green",
      "material": "rubber",
      "shape": "sphere",
      "rotation": 136.6926686004279
    },
    {
      "pixel_coords": [
        365,
        170,
        9.336723327636719
      ],
      "3d_coords": [
        2.8614766597747803,
        0.37584975361824036,
        0.699999988079071
      ],
      "size": "large",
      "color": "red",
      "material": "rubber",
      "shape": "cube",
      "rotation": 99.65795568007852
    },
    {
      "pixel_coords": [
        259,
        76,
        14.452779769897461
      ],
      "3d_coords": [
        -2.4671733379364014,
        2.9927682876586914,
        0.699999988079071
      ],
      "size": "large",
      "color": "blue",
      "material": "rubber",
      "shape": "cylinder",
      "rotation": 266.8622895569137
    },
    {
      "pixel_coords": [
        132,
        155,
        9.87217903137207
      ],
      "3d_coords": [
        -0.4671042561531067,
        -2.335427761077881,
        0.699999988079071
      ],
      "size": "large",
      "color": "blue",
      "material": "rubber",
      "shape": "cube",
      "rotation": 24.881104049887917
    },
    {
      "pixel_coords": [
        211,
        195,
        8.53333854675293
      ],
      "3d_coords": [
        1.678567886352539,
        -2.2109663486480713,
        0.699999988079071
      ],
      "size": "large",
      "color": "blue",
      "material": "rubber",
      "shape": "cylinder",
      "rotation": 61.339945648053586
    },
    {
      "pixel_coords": [
        179,
        91,
        13.287335395812988
      ],
      "3d_coords": [
        -2.9111649990081787,
        0.6105502247810364,
        0.699999988079071
      ],
      "size": "large",
      "color": "red",
      "material": "rubber",
      "shape": "cube",
      "rotation": 250.89285250666813
    }
  ],
  "image_index": 74,
  "image_filename": "CLEVR_new_000074.png"
}