{
  "directions": {
    "above": [
      0.0,
      0.0,
      1.0
    ],
    "left": [
      -0.6563112735748291,
      -0.7544902563095093,
      0.0
    ],
    "right": [
      0.6563112735748291,
      0.7544902563095093,
      -0.0
    ],
    "below": [
      -0.0,
      -0.0,
      -1.0
    ],
    "front": [
      0.754490315914154,
      -0.6563112735748291,
      -0.0
    ],
    "behind": [
      -0.754490315914154,
      0.6563112735748291,
      0.0
    ]
  },
  "relationships": {
    "left": [
      [
        1,
        2,
        4,
        6,
        7,
        8,
        9
      ],
      [
        4,
        8,
        9
      ],
      [
        1,
        4,
        8,
        9
      ],
      [
        0,
        1,
        2,
        4,
        6,
        7,
        8,
        9
      ],
      [],
      [
        0,
        1,
        2,
        3,
        4,
        6,
        7,
        8,
        9
      ],
      [
        1,
        2,
        4,
        8,
        9
      ],
      [
        1,
        2,
        4,
        6,
        8,
        9
      ],
      [
        4,
        9
      ],
      [
        4
      ]
    ],
    "right": [
      [
        3,
        5
      ],
      [
        0,
        2,
        3,
        5,
        6,
        7
      ],
      [
        0,
        3,
        5,
        6,
        7
      ],
      [
        5
      ],
      [
        0,
        1,
        2,
        3,
        5,
        6,
        7,
        8,
        9
      ],
      [],
      [
        0,
        3,
        5,
        7
      ],
      [
        0,
        3,
        5
      ],
      [
        0,
        1,
        2,
        3,
        5,
        6,
        7
      ],
      [
        0,
        1,
        2,
        3,
        5,
        6,
        7,
        8
      ]
    ],
    "front": [
      [
        1,
        5,
        7,
        9
      ],
      [
        7
      ],
      [
        0,
        1,
        4,
        5,
        7,
        9
      ],
      [
        0,
        1,
        2,
        4,
        5,
        7,
        9
      ],
      [
        0,
        1,
        5,
        7,
        9
      ],
      [
        1,
        7
      ],
      [
        0,
        1,
        2,
        3,
        4,
        5,
        7,
        8,
        9
      ],
      [],
      [
        0,
        1,
        2,
        3,
        4,
        5,
        7,
        9
      ],
      [
        1,
        5,
        7
      ]
    ],
    "behind": [
      [
        2,
        3,
        4,
        6,
        8
      ],
      [
        0,
        2,
        3,
        4,
        5,
        6,
        8,
        9
      ],
      [
        3,
        6,
        8
      ],
      [
        6,
        8
      ],
      [
        2,
        3,
        6,
        8
      ],
      [
        0,
        2,
        3,
        4,
        6,
        8,
        9
      ],
      [],
      [
        0,
        1,
        2,
        3,
        4,
        5,
        6,
        8,
        9
      ],
      [
        6
      ],
      [
        0,
        2,
        3,
        4,
        6,
        8
      ]
    ]
  },
  "split": "new",
  "objects": [
    {
      "pixel_coords": [
        306,
        130,
        10.867027282714844
      ],
      "3d_coords": [
        0.8760560750961304,
        1.0570207834243774,
        0.699999988079071
      ],
      "size": "large",
      "color": "blue",
      "material": "rubber",
      "shape": "cylinder",
      "rotation": 162.30276922722092
    },
    {
      "pixel_coords": [
        190,
        177,
        9.018280029296875
      ],
      "3d_coords": [
        1.0347201824188232,
        -1.9752135276794434,
        0.699999988079071
      ],
      "size": "large",
      "color": "blue",
      "material": "rubber",
      "shape": "cube",
      "rotation": 21.31532883860182
    },
    {
      "pixel_coords": [
        238,
        102,
        12.350076675415039
      ],
      "3d_coords": [
        -1.3018457889556885,
        1.0276761054992676,
        0.699999988079071
      ],
      "size": "large",
      "color": "red",
      "material": "rubber",
      "shape": "cube",
      "rotation": 334.1169919771454
    },
    {
      "pixel_coords": [
        314,
        92,
        12.983906745910645
      ],
      "3d_coords": [
        -0.6477695107460022,
        2.9177796840667725,
        0.699999988079071
      ],
      "size": "large",
      "color": "red",
      "material": "rubber",
      "shape": "cylinder",
      "rotation": 80.18282149240761
    },
    {
      "pixel_coords": [
        76,
        115,
        11.589170455932617
      ],
      "3d_coords": [
        -2.9449844360351562,
        -2.271315574645996,
        0.699999988079071
      ],
      "size": "large",
      "color": "red",
      "material": "rubber",
      "shape": "sphere",
      "rotation": 233.14192805606464
    },
    {
      "pixel_coords": [
        404,
        154,
        9.81003475189209
      ],
      "3d_coords": [
        2.8691234588623047,
        1.607165813446045,
        0.699999988079071
      ],
      "size": "large",
      "color": "red",
      "material": "rubber",
      "shape": "sphere",
      "rotation": 264.41478729292885
    },
    {
      "pixel_coords": [
        258,
        73,
        14.448363304138184
      ],
      "3d_coords": [
        -2.7595577239990234,
        2.935394287109375,
        0.699999988079071
      ],
      "size": "large",
      "color": "red",
      "material": "rubber",
      "shape": "cylinder",
      "rotation": 226.75900356079876
    },
    {
      "pixel_coords": [
        294,
        190,
        8.616080284118652
      ],
      "3d_coords": [
        2.4937386512756348,
        -0.9247686862945557,
        0.699999988079071
      ],
      "size": "large",
      "color": "red",
      "material": "rubber",
      "shape": "cylinder",
      "rotation": 240.54310625593968
    },
    {
      "pixel_coords": [
        195,
        85,
        13.456664085388184
      ],
      "3d_coords": [
        -2.9682505130767822,
        0.9561432003974915,
        0.699999988079071
      ],
      "size": "large",
      "color": "blue",
      "material": "rubber",
      "shape": "cube",
      "rotation": 61.16125237818295
    },
    {
      "pixel_coords": [
        146,
        143,
        10.283937454223633
      ],
      "3d_coords": [
        -0.6794931888580322,
        -1.8268539905548096,
        0.699999988079071
      ],
      "size": "large",
      "color": "green",
      "material": "rubber",
      "shape": "cube",
      "rotation": 174.37617622492522
    }
  ],
  "image_index": 61,
  "image_filename": "CLEVR_new_000061.png"
}