{
  "directions": {
    "above": [
      0.0,
      0.0,
      1.0
    ],
    "left": [
      -0.6563112735748291,
      -0.7544902563095093,
      0.0
    ],
    "right": [
      0.6563112735748291,
      0.7544902563095093,
      -0.0
    ],
    "below": [
      -0.0,
      -0.0,
      -1.0
    ],
    "front": [
      0.754490315914154,
      -0.6563112735748291,
      -0.0
    ],
    "behind": [
      -0.754490315914154,
      0.6563112735748291,
      0.0
    ]
  },
  "relationships": {
    "left": [
      [
        2,
        4,
        7
      ],
      [
        0,
        2,
        4,
        5,
        7
      ],
      [
        4,
        7
      ],
      [
        0,
        1,
        2,
        4,
        5,
        6,
        7
      ],
      [
        7
      ],
      [
        0,
        2,
        4,
        7
      ],
      [
        0,
        1,
        2,
        4,
        5,
        7
      ],
      []
    ],
    "right": [
      [
        1,
        3,
        5,
        6
      ],
      [
        3,
        6
      ],
      [
        0,
        1,
        3,
        5,
        6
      ],
      [],
      [
        0,
        1,
        2,
        3,
        5,
        6
      ],
      [
        1,
        3,
        6
      ],
      [
        3
      ],
      [
        0,
        1,
        2,
        3,
        4,
        5,
        6
      ]
    ],
    "front": [
      [],
      [
        0,
        2,
        6,
        7
      ],
      [
        0,
        6,
        7
      ],
      [
        0,
        1,
        2,
        6,
        7
      ],
      [
        0,
        1,
        2,
        3,
        6,
        7
      ],
      [
        0,
        1,
        2,
        3,
        4,
        6,
        7
      ],
      [
        0
      ],
      [
        0,
        6
      ]
    ],
    "behind": [
      [
        1,
        2,
        3,
        4,
        5,
        6,
        7
      ],
      [
        3,
        4,
        5
      ],
      [
        1,
        3,
        4,
        5
      ],
      [
        4,
        5
      ],
      [
        5
      ],
      [],
      [
        1,
        2,
        3,
        4,
        5,
        7
      ],
      [
        1,
        2,
        3,
        4,
        5
      ]
    ]
  },
  "split": "new",
  "objects": [
    {
      "pixel_coords": [
        266,
        217,
        8.480148315429688
      ],
      "3d_coords": [
        2.6120362281799316,
        -1.8742897510528564,
        0.699999988079071
      ],
      "size": "large",
      "color": "green",
      "material": "rubber",
      "shape": "cylinder",
      "rotation": 316.1548388438205
    },
    {
      "pixel_coords": [
        298,
        123,
        11.626798629760742
      ],
      "3d_coords": [
        0.5882081389427185,
        1.216482400894165,
        0.699999988079071
      ],
      "size": "large",
      "color": "red",
      "material": "rubber",
      "shape": "cylinder",
      "rotation": 187.96525837884857
    },
    {
      "pixel_coords": [
        205,
        135,
        11.106508255004883
      ],
      "3d_coords": [
        -0.36687013506889343,
        -0.6660298109054565,
        0.699999988079071
      ],
      "size": "large",
      "color": "red",
      "material": "rubber",
      "shape": "cube",
      "rotation": 332.4580705199268
    },
    {
      "pixel_coords": [
        348,
        104,
        12.617087364196777
      ],
      "3d_coords": [
        0.6624369621276855,
        2.9454145431518555,
        0.699999988079071
      ],
      "size": "large",
      "color": "green",
      "material": "rubber",
      "shape": "cube",
      "rotation": 226.60992147722567
    },
    {
      "pixel_coords": [
        169,
        97,
        12.970295906066895
      ],
      "3d_coords": [
        -2.6166269779205322,
        0.04701423645019531,
        0.699999988079071
      ],
      "size": "large",
      "color": "red",
      "material": "rubber",
      "shape": "sphere",
      "rotation": 101.29418557886096
    },
    {
      "pixel_coords": [
        267,
        79,
        14.125130653381348
      ],
      "3d_coords": [
        -1.8717436790466309,
        2.7632734775543213,
        0.699999988079071
      ],
      "size": "large",
      "color": "green",
      "material": "rubber",
      "shape": "sphere",
      "rotation": 177.45948961917514
    },
    {
      "pixel_coords": [
        330,
        158,
        10.215559005737305
      ],
      "3d_coords": [
        2.0848002433776855,
        0.4565598964691162,
        0.699999988079071
      ],
      "size": "large",
      "color": "green",
      "material": "rubber",
      "shape": "sphere",
      "rotation": 289.82954397993865
    },
    {
      "pixel_coords": [
        125,
        147,
        10.644420623779297
      ],
      "3d_coords": [
        -1.077705979347229,
        -2.191843271255493,
        0.699999988079071
      ],
      "size": "large",
      "color": "red",
      "material": "rubber",
      "shape": "sphere",
      "rotation": 321.2053405326853
    }
  ],
  "image_index": 27,
  "image_filename": "CLEVR_new_000027.png"
}