{
  "directions": {
    "above": [
      0.0,
      0.0,
      1.0
    ],
    "left": [
      -0.6563112735748291,
      -0.7544902563095093,
      0.0
    ],
    "right": [
      0.6563112735748291,
      0.7544902563095093,
      -0.0
    ],
    "below": [
      -0.0,
      -0.0,
      -1.0
    ],
    "front": [
      0.754490315914154,
      -0.6563112735748291,
      -0.0
    ],
    "behind": [
      -0.754490315914154,
      0.6563112735748291,
      0.0
    ]
  },
  "relationships": {
    "left": [
      [
        7
      ],
      [
        0,
        4,
        5,
        7
      ],
      [
        0,
        1,
        4,
        5,
        7
      ],
      [
        0,
        1,
        2,
        4,
        5,
        7
      ],
      [
        0,
        7
      ],
      [
        0,
        4,
        7
      ],
      [
        0,
        1,
        2,
        3,
        4,
        5,
        7
      ],
      []
    ],
    "right": [
      [
        1,
        2,
        3,
        4,
        5,
        6
      ],
      [
        2,
        3,
        6
      ],
      [
        3,
        6
      ],
      [
        6
      ],
      [
        1,
        2,
        3,
        5,
        6
      ],
      [
        1,
        2,
        3,
        6
      ],
      [],
      [
        0,
        1,
        2,
        3,
        4,
        5,
        6
      ]
    ],
    "front": [
      [
        2,
        3,
        4,
        5,
        6,
        7
      ],
      [
        0,
        2,
        3,
        4,
        5,
        6,
        7
      ],
      [
        4
      ],
      [
        2,
        4,
        5,
        6,
        7
      ],
      [],
      [
        2,
        4,
        6,
        7
      ],
      [
        2,
        4,
        7
      ],
      [
        2,
        4
      ]
    ],
    "behind": [
      [
        1
      ],
      [],
      [
        0,
        1,
        3,
        5,
        6,
        7
      ],
      [
        0,
        1
      ],
      [
        0,
        1,
        2,
        3,
        5,
        6,
        7
      ],
      [
        0,
        1,
        3
      ],
      [
        0,
        1,
        3,
        5
      ],
      [
        0,
        1,
        3,
        5,
        6
      ]
    ]
  },
  "split": "new",
  "objects": [
    {
      "pixel_coords": [
        145,
        95,
        12.379973411560059
      ],
      "3d_coords": [
        -2.9129860401153564,
        -0.5380445122718811,
        0.699999988079071
      ],
      "size": "large",
      "color": "red",
      "material": "rubber",
      "shape": "cylinder",
      "rotation": 3.082011460522458
    },
    {
      "pixel_coords": [
        248,
        69,
        14.099268913269043
      ],
      "3d_coords": [
        -2.898165225982666,
        2.590057134628296,
        0.699999988079071
      ],
      "size": "large",
      "color": "blue",
      "material": "rubber",
      "shape": "sphere",
      "rotation": 190.42387324405277
    },
    {
      "pixel_coords": [
        267,
        174,
        9.046902656555176
      ],
      "3d_coords": [
        1.726819634437561,
        -0.7920557856559753,
        0.699999988079071
      ],
      "size": "large",
      "color": "green",
      "material": "rubber",
      "shape": "cylinder",
      "rotation": 268.43587838589747
    },
    {
      "pixel_coords": [
        339,
        109,
        11.632996559143066
      ],
      "3d_coords": [
        0.5211875438690186,
        2.384899616241455,
        0.699999988079071
      ],
      "size": "large",
      "color": "green",
      "material": "rubber",
      "shape": "cylinder",
      "rotation": 74.82577290507956
    },
    {
      "pixel_coords": [
        161,
        215,
        7.955591201782227
      ],
      "3d_coords": [
        1.6473551988601685,
        -2.8647868633270264,
        0.699999988079071
      ],
      "size": "large",
      "color": "green",
      "material": "rubber",
      "shape": "sphere",
      "rotation": 53.19782920916563
    },
    {
      "pixel_coords": [
        208,
        127,
        10.800271034240723
      ],
      "3d_coords": [
        -0.5228835940361023,
        -0.4206302762031555,
        0.699999988079071
      ],
      "size": "large",
      "color": "green",
      "material": "rubber",
      "shape": "sphere",
      "rotation": 121.73697175137748
    },
    {
      "pixel_coords": [
        396,
        144,
        10.093986511230469
      ],
      "3d_coords": [
        2.3907008171081543,
        1.9280166625976562,
        0.699999988079071
      ],
      "size": "large",
      "color": "blue",
      "material": "rubber",
      "shape": "cylinder",
      "rotation": 217.70976208465015
    },
    {
      "pixel_coords": [
        88,
        155,
        9.69459342956543
      ],
      "3d_coords": [
        -0.8907572627067566,
        -2.8782846927642822,
        0.699999988079071
      ],
      "size": "large",
      "color": "blue",
      "material": "rubber",
      "shape": "sphere",
      "rotation": 23.637213664329764
    }
  ],
  "image_index": 65,
  "image_filename": "CLEVR_new_000065.png"
}